state,varroa_mites,other_pests,diseases,pesticides,other,unknown,quarter,state_code,year,initial_count,max,lost,lost_perc,added,renovated,renovated_perc,period
Alabama,10.0,5.4,0.0,2.2,9.1,9.4,Q1,AL,2015,7000.0,7000.0,1800.0,26.0,2800.0,250.0,4.0,2015Q1
Arizona,26.9,20.5,0.1,0.0,1.8,3.1,Q1,AZ,2015,35000.0,35000.0,4600.0,13.0,3400.0,2100.0,6.0,2015Q1
Arkansas,17.6,11.4,1.5,3.4,1.0,1.0,Q1,AR,2015,13000.0,14000.0,1500.0,11.0,1200.0,90.0,1.0,2015Q1
California,24.7,7.2,3.0,7.5,6.5,2.8,Q1,CA,2015,1440000.0,1690000.0,255000.0,15.0,250000.0,124000.0,7.0,2015Q1
Colorado,14.6,0.9,1.8,0.6,2.6,5.9,Q1,CO,2015,3500.0,12500.0,1500.0,12.0,200.0,140.0,1.0,2015Q1
Connecticut,2.5,1.4,0.0,0.0,21.2,2.4,Q1,CT,2015,3900.0,3900.0,870.0,22.0,290.0,,,2015Q1
Florida,22.3,13.5,0.8,8.9,5.1,4.4,Q1,FL,2015,305000.0,315000.0,42000.0,13.0,54000.0,25000.0,8.0,2015Q1
Georgia,6.2,4.9,3.3,2.6,4.8,10.5,Q1,GA,2015,104000.0,105000.0,14500.0,14.0,47000.0,9500.0,9.0,2015Q1
Hawaii,38.8,37.7,1.6,0.0,2.0,0.0,Q1,HI,2015,10500.0,10500.0,380.0,4.0,3400.0,760.0,7.0,2015Q1
Idaho,39.8,6.7,12.5,4.8,8.9,4.9,Q1,ID,2015,81000.0,88000.0,3700.0,4.0,2600.0,8000.0,9.0,2015Q1
Illinois,12.3,6.9,0.7,0.4,12.6,11.6,Q1,IL,2015,6000.0,10500.0,4200.0,40.0,2300.0,390.0,4.0,2015Q1
Indiana,20.7,0.3,0.2,0.3,22.3,11.7,Q1,IN,2015,9000.0,9500.0,2100.0,22.0,490.0,120.0,1.0,2015Q1
Iowa,26.0,0.7,4.6,3.4,18.0,3.4,Q1,IA,2015,12500.0,17500.0,3100.0,18.0,1700.0,270.0,2.0,2015Q1
Kansas,32.7,1.3,1.1,14.2,9.5,3.4,Q1,KS,2015,4600.0,7000.0,1600.0,23.0,450.0,70.0,1.0,2015Q1
Kentucky,10.8,10.7,2.5,2.5,22.7,12.9,Q1,KY,2015,7500.0,10500.0,4100.0,39.0,250.0,,,2015Q1
Louisiana,17.2,4.7,4.3,1.7,3.1,2.1,Q1,LA,2015,51000.0,51000.0,8000.0,16.0,3100.0,6500.0,13.0,2015Q1
Maine,4.4,0.1,0.0,0.0,7.5,1.9,Q1,ME,2015,3100.0,6500.0,380.0,6.0,20.0,,,2015Q1
Maryland,10.1,1.8,0.4,0.0,24.2,12.4,Q1,MD,2015,7500.0,10000.0,4100.0,41.0,1600.0,870.0,9.0,2015Q1
Massachusetts,23.5,3.5,2.1,2.8,7.6,4.7,Q1,MA,2015,2900.0,4600.0,1000.0,22.0,260.0,120.0,3.0,2015Q1
Michigan,14.3,3.1,1.1,1.6,8.3,4.6,Q1,MI,2015,16500.0,60000.0,11500.0,19.0,7500.0,2400.0,4.0,2015Q1
Minnesota,1.4,0.1,0.0,0.1,1.6,2.1,Q1,MN,2015,28000.0,74000.0,3700.0,5.0,690.0,530.0,1.0,2015Q1
Mississippi,9.4,8.2,0.1,2.1,1.2,1.1,Q1,MS,2015,34000.0,76000.0,8500.0,11.0,22000.0,7500.0,10.0,2015Q1
Missouri,13.1,6.0,2.2,4.2,11.8,6.3,Q1,MO,2015,12000.0,13000.0,2000.0,15.0,220.0,910.0,7.0,2015Q1
Montana,8.7,0.5,0.6,0.8,2.3,7.9,Q1,MT,2015,8500.0,36000.0,2200.0,6.0,1400.0,1100.0,3.0,2015Q1
Nebraska,5.9,0.1,0.1,0.5,0.3,3.0,Q1,NE,2015,10000.0,31000.0,2600.0,8.0,120.0,310.0,1.0,2015Q1
New Jersey,40.1,13.2,30.4,11.1,19.5,16.7,Q1,NJ,2015,6000.0,9000.0,1100.0,12.0,570.0,1600.0,18.0,2015Q1
New Mexico,17.1,0.1,0.0,0.2,1.3,0.4,Q1,NM,2015,7000.0,7000.0,690.0,10.0,190.0,600.0,9.0,2015Q1
New York,7.6,2.6,0.5,4.4,12.4,8.3,Q1,NY,2015,27000.0,30000.0,6500.0,22.0,430.0,950.0,3.0,2015Q1
North Carolina,35.5,2.3,0.1,22.9,6.2,12.2,Q1,NC,2015,24000.0,26000.0,7000.0,27.0,6000.0,690.0,3.0,2015Q1
North Dakota,1.7,1.7,0.0,0.0,2.5,0.1,Q1,ND,2015,57000.0,120000.0,620.0,1.0,1800.0,530.0,0.0,2015Q1
Ohio,10.7,1.6,1.0,3.0,17.8,3.1,Q1,OH,2015,18000.0,22000.0,10500.0,48.0,5000.0,3300.0,15.0,2015Q1
Oklahoma,14.5,10.1,0.5,0.0,2.1,2.9,Q1,OK,2015,9500.0,26000.0,6000.0,23.0,2600.0,260.0,1.0,2015Q1
Oregon,20.2,2.0,0.4,0.6,1.6,1.1,Q1,OR,2015,77000.0,87000.0,6500.0,8.0,4300.0,2400.0,3.0,2015Q1
Pennsylvania,28.1,6.3,1.9,1.9,17.8,6.3,Q1,PA,2015,14000.0,21000.0,6500.0,31.0,360.0,,,2015Q1
South Carolina,10.5,2.3,0.2,0.3,3.6,2.9,Q1,SC,2015,17000.0,17500.0,2700.0,15.0,2700.0,1400.0,8.0,2015Q1
South Dakota,1.2,0.9,0.3,0.5,1.2,1.8,Q1,SD,2015,50000.0,97000.0,4600.0,5.0,8500.0,2800.0,3.0,2015Q1
Tennessee,22.2,17.1,0.0,0.0,13.0,4.4,Q1,TN,2015,9500.0,9500.0,2000.0,21.0,1000.0,190.0,2.0,2015Q1
Texas,21.5,12.2,5.0,11.1,2.3,6.2,Q1,TX,2015,191000.0,250000.0,26000.0,10.0,82000.0,51000.0,20.0,2015Q1
Utah,13.6,0.9,0.1,4.4,3.0,0.5,Q1,UT,2015,6000.0,24000.0,3300.0,14.0,2500.0,290.0,1.0,2015Q1
Vermont,2.3,5.6,0.0,0.0,5.8,4.9,Q1,VT,2015,5500.0,5500.0,700.0,13.0,1200.0,20.0,0.0,2015Q1
Virginia,19.0,9.4,2.3,0.0,9.8,11.9,Q1,VA,2015,8000.0,9000.0,2500.0,28.0,800.0,460.0,5.0,2015Q1
Washington,21.5,0.5,0.3,3.6,6.0,1.1,Q1,WA,2015,52000.0,105000.0,14000.0,13.0,13500.0,9000.0,9.0,2015Q1
West Virginia,18.0,7.3,2.2,2.1,14.6,6.1,Q1,WV,2015,4700.0,6000.0,1800.0,30.0,570.0,60.0,1.0,2015Q1
Wisconsin,18.8,1.6,2.7,8.5,8.3,5.8,Q1,WI,2015,16500.0,29000.0,8000.0,28.0,3100.0,2500.0,9.0,2015Q1
Alabama,16.7,42.5,0.0,2.3,3.2,4.1,Q2,AL,2015,7500.0,7500.0,860.0,12.0,1900.0,680.0,9.0,2015Q2
Arizona,8.4,32.1,0.5,20.1,28.2,0.3,Q2,AZ,2015,33000.0,33000.0,5500.0,17.0,19500.0,7000.0,21.0,2015Q2
Arkansas,65.9,63.4,7.0,22.6,27.4,9.3,Q2,AR,2015,13500.0,13500.0,1900.0,14.0,11500.0,5500.0,41.0,2015Q2
California,50.9,21.5,7.8,23.0,14.2,3.1,Q2,CA,2015,1040000.0,1050000.0,104000.0,10.0,170000.0,285000.0,27.0,2015Q2
Colorado,38.6,1.8,4.6,2.8,3.4,6.6,Q2,CO,2015,12000.0,25000.0,1900.0,8.0,6000.0,3500.0,14.0,2015Q2
Connecticut,10.2,0.4,1.9,0.8,1.0,0.7,Q2,CT,2015,3000.0,3000.0,80.0,3.0,1100.0,150.0,5.0,2015Q2
Florida,44.2,26.4,2.7,17.7,13.6,5.4,Q2,FL,2015,210000.0,215000.0,35000.0,16.0,44000.0,24000.0,11.0,2015Q2
Georgia,52.8,17.5,2.9,28.7,11.5,4.1,Q2,GA,2015,114000.0,124000.0,23000.0,19.0,25000.0,19000.0,15.0,2015Q2
Hawaii,60.1,61.0,0.3,0.1,3.2,0.1,Q2,HI,2015,13500.0,13500.0,120.0,1.0,1100.0,1200.0,9.0,2015Q2
Idaho,25.5,6.7,6.5,6.0,13.7,0.3,Q2,ID,2015,62000.0,72000.0,6500.0,9.0,16500.0,10500.0,15.0,2015Q2
Illinois,10.3,3.7,0.2,2.5,2.3,2.4,Q2,IL,2015,9500.0,9500.0,1300.0,14.0,6000.0,1500.0,16.0,2015Q2
Indiana,15.4,1.8,7.0,0.5,4.4,2.0,Q2,IN,2015,8000.0,12500.0,1300.0,10.0,4900.0,4300.0,34.0,2015Q2
Iowa,21.5,5.1,2.9,7.8,2.7,1.9,Q2,IA,2015,12500.0,24000.0,1400.0,6.0,6500.0,3100.0,13.0,2015Q2
Kansas,14.4,2.4,0.9,0.1,3.5,4.9,Q2,KS,2015,6000.0,7000.0,670.0,10.0,2800.0,420.0,6.0,2015Q2
Kentucky,21.7,18.2,5.3,1.8,9.5,2.9,Q2,KY,2015,7500.0,8500.0,980.0,12.0,3600.0,1500.0,18.0,2015Q2
Louisiana,36.4,3.7,0.2,1.1,5.0,0.5,Q2,LA,2015,44000.0,45000.0,1800.0,4.0,6500.0,8000.0,18.0,2015Q2
Maine,72.1,34.5,0.1,34.5,0.5,0.1,Q2,ME,2015,4600.0,30000.0,3200.0,11.0,3500.0,700.0,2.0,2015Q2
Maryland,4.9,1.3,0.2,2.5,1.6,1.5,Q2,MD,2015,8000.0,11000.0,370.0,3.0,2600.0,710.0,7.0,2015Q2
Massachusetts,66.8,61.7,0.2,61.8,4.4,3.1,Q2,MA,2015,4100.0,14000.0,320.0,2.0,940.0,510.0,4.0,2015Q2
Michigan,26.9,13.0,0.6,9.1,16.4,3.1,Q2,MI,2015,58000.0,88000.0,9500.0,11.0,13500.0,5500.0,6.0,2015Q2
Minnesota,25.4,6.2,1.4,16.5,10.1,9.3,Q2,MN,2015,71000.0,125000.0,12500.0,10.0,20000.0,21000.0,17.0,2015Q2
Mississippi,10.1,6.0,0.3,0.1,2.3,1.7,Q2,MS,2015,89000.0,89000.0,11000.0,12.0,5500.0,10000.0,11.0,2015Q2
Missouri,5.1,6.2,3.1,1.6,1.0,7.4,Q2,MO,2015,11500.0,12500.0,500.0,4.0,1900.0,1800.0,14.0,2015Q2
Montana,9.0,0.9,0.8,5.3,1.6,0.0,Q2,MT,2015,36000.0,210000.0,4200.0,2.0,14000.0,33000.0,16.0,2015Q2
Nebraska,6.5,6.9,0.0,1.4,2.1,1.5,Q2,NE,2015,29000.0,68000.0,4100.0,6.0,15500.0,4600.0,7.0,2015Q2
New Jersey,52.5,3.6,0.3,26.1,1.0,2.4,Q2,NJ,2015,8500.0,19000.0,1800.0,10.0,2100.0,2900.0,15.0,2015Q2
New Mexico,38.8,0.0,15.5,5.9,0.4,2.7,Q2,NM,2015,6500.0,8500.0,1000.0,12.0,1500.0,330.0,4.0,2015Q2
New York,19.1,12.5,4.5,4.4,3.3,1.1,Q2,NY,2015,24000.0,34000.0,1100.0,3.0,11000.0,1500.0,4.0,2015Q2
North Carolina,51.0,14.3,0.3,3.5,5.8,3.0,Q2,NC,2015,19500.0,23000.0,1800.0,8.0,5500.0,3300.0,14.0,2015Q2
North Dakota,15.5,3.0,0.1,4.3,4.6,0.3,Q2,ND,2015,121000.0,450000.0,29000.0,6.0,39000.0,61000.0,14.0,2015Q2
Ohio,15.8,4.1,3.0,11.9,11.2,29.0,Q2,OH,2015,17500.0,19000.0,2100.0,11.0,10000.0,6000.0,32.0,2015Q2
Oklahoma,66.1,6.3,0.0,0.1,7.0,1.9,Q2,OK,2015,25000.0,27000.0,2200.0,8.0,5500.0,2200.0,8.0,2015Q2
Oregon,39.3,20.9,13.2,16.0,5.8,0.4,Q2,OR,2015,82000.0,95000.0,5500.0,6.0,14500.0,9500.0,10.0,2015Q2
Pennsylvania,11.4,5.8,2.6,1.6,6.7,2.1,Q2,PA,2015,15500.0,19000.0,1600.0,8.0,8500.0,2600.0,14.0,2015Q2
South Carolina,29.9,5.4,0.5,1.4,3.7,0.7,Q2,SC,2015,17500.0,18500.0,950.0,5.0,1100.0,2000.0,11.0,2015Q2
South Dakota,9.8,11.1,1.8,2.0,1.4,1.5,Q2,SD,2015,100000.0,290000.0,21000.0,7.0,27000.0,23000.0,8.0,2015Q2
Tennessee,47.8,26.3,1.8,9.8,2.6,3.0,Q2,TN,2015,7500.0,7500.0,730.0,10.0,3600.0,920.0,12.0,2015Q2
Texas,19.3,22.9,2.5,6.6,7.4,3.0,Q2,TX,2015,305000.0,315000.0,33000.0,11.0,76000.0,94000.0,30.0,2015Q2
Utah,27.2,10.8,1.5,12.3,5.6,1.2,Q2,UT,2015,24000.0,27000.0,3400.0,13.0,10000.0,3900.0,14.0,2015Q2
Vermont,3.7,1.9,0.1,0.0,1.3,0.1,Q2,VT,2015,6000.0,6000.0,100.0,2.0,580.0,50.0,1.0,2015Q2
Virginia,26.2,13.0,1.8,0.2,3.0,4.5,Q2,VA,2015,7500.0,7500.0,270.0,4.0,2100.0,430.0,6.0,2015Q2
Washington,48.7,0.2,2.2,2.0,3.2,0.5,Q2,WA,2015,105000.0,127000.0,5000.0,4.0,15000.0,13000.0,10.0,2015Q2
West Virginia,15.6,8.3,0.6,2.7,4.6,4.4,Q2,WV,2015,4700.0,4700.0,570.0,12.0,2900.0,590.0,13.0,2015Q2
Wisconsin,35.3,5.6,1.0,8.2,15.2,2.3,Q2,WI,2015,25000.0,65000.0,4600.0,7.0,10000.0,5500.0,9.0,2015Q2
Alabama,63.1,70.6,0.0,2.6,2.2,17.7,Q3,AL,2015,8500.0,9000.0,1400.0,16.0,160.0,260.0,3.0,2015Q3
Arizona,53.5,24.8,5.4,17.3,7.6,5.1,Q3,AZ,2015,40000.0,40000.0,6000.0,15.0,4300.0,15500.0,39.0,2015Q3
Arkansas,69.2,32.4,0.9,5.0,1.8,1.4,Q3,AR,2015,23000.0,30000.0,9000.0,30.0,500.0,210.0,1.0,2015Q3
California,39.9,20.4,12.5,19.6,15.0,4.7,Q3,CA,2015,730000.0,800000.0,76000.0,10.0,40000.0,93000.0,12.0,2015Q3
Colorado,50.5,1.5,2.7,16.5,3.7,2.7,Q3,CO,2015,29000.0,30000.0,4500.0,15.0,1400.0,1400.0,5.0,2015Q3
Connecticut,39.3,1.2,0.4,1.5,7.8,0.0,Q3,CT,2015,3700.0,3700.0,50.0,1.0,190.0,440.0,12.0,2015Q3
Florida,39.5,21.7,6.7,22.9,21.9,3.4,Q3,FL,2015,164000.0,220000.0,36000.0,16.0,37000.0,29000.0,13.0,2015Q3
Georgia,47.6,16.2,3.6,21.2,8.9,3.6,Q3,GA,2015,108000.0,110000.0,13000.0,12.0,19500.0,15500.0,14.0,2015Q3
Hawaii,78.1,80.5,0.1,0.1,2.5,0.0,Q3,HI,2015,14500.0,14500.0,2700.0,19.0,1200.0,5500.0,38.0,2015Q3
Idaho,46.8,5.2,1.7,10.0,2.2,6.4,Q3,ID,2015,80000.0,128000.0,14000.0,11.0,5500.0,11500.0,9.0,2015Q3
Illinois,7.7,3.0,0.6,0.4,3.4,1.0,Q3,IL,2015,14000.0,14000.0,1400.0,10.0,1300.0,1100.0,8.0,2015Q3
Indiana,13.7,10.3,4.8,8.2,1.0,6.2,Q3,IN,2015,15000.0,15000.0,1600.0,11.0,1400.0,420.0,3.0,2015Q3
Iowa,17.4,5.8,0.1,4.7,5.6,3.4,Q3,IA,2015,29000.0,37000.0,3000.0,8.0,640.0,680.0,2.0,2015Q3
Kansas,22.5,16.2,0.2,14.1,14.8,1.7,Q3,KS,2015,9000.0,9500.0,1000.0,11.0,100.0,160.0,2.0,2015Q3
Kentucky,40.4,11.3,1.2,6.5,9.0,2.0,Q3,KY,2015,10000.0,10000.0,1300.0,13.0,170.0,550.0,6.0,2015Q3
Louisiana,25.9,2.3,0.0,1.6,3.0,0.2,Q3,LA,2015,50000.0,55000.0,2000.0,4.0,2300.0,1800.0,3.0,2015Q3
Maine,9.9,3.4,13.2,0.0,2.6,7.8,Q3,ME,2015,6000.0,6000.0,450.0,8.0,410.0,140.0,2.0,2015Q3
Maryland,26.9,19.1,2.9,22.8,7.1,2.0,Q3,MD,2015,7000.0,7500.0,680.0,9.0,730.0,70.0,1.0,2015Q3
Massachusetts,16.3,2.9,0.4,2.1,2.5,0.3,Q3,MA,2015,7500.0,7500.0,560.0,8.0,290.0,400.0,5.0,2015Q3
Michigan,44.6,16.3,7.3,13.7,1.8,8.8,Q3,MI,2015,89000.0,89000.0,7000.0,8.0,3300.0,3800.0,4.0,2015Q3
Minnesota,33.3,14.6,7.4,27.4,7.0,7.2,Q3,MN,2015,133000.0,136000.0,32000.0,24.0,640.0,2300.0,2.0,2015Q3
Mississippi,45.5,2.2,0.0,1.1,3.8,1.4,Q3,MS,2015,23000.0,34000.0,3500.0,10.0,260.0,110.0,0.0,2015Q3
Missouri,11.1,11.7,3.0,2.0,2.1,1.4,Q3,MO,2015,14000.0,14000.0,1200.0,9.0,700.0,630.0,5.0,2015Q3
Montana,52.5,16.4,10.7,2.3,6.4,5.3,Q3,MT,2015,140000.0,156000.0,10500.0,7.0,3200.0,10000.0,6.0,2015Q3
Nebraska,33.2,10.3,10.9,13.2,4.6,4.3,Q3,NE,2015,67000.0,77000.0,6000.0,8.0,500.0,6000.0,8.0,2015Q3
New Jersey,7.2,1.0,0.1,0.0,1.1,0.7,Q3,NJ,2015,18500.0,18500.0,210.0,1.0,190.0,500.0,3.0,2015Q3
New Mexico,61.2,55.0,55.0,58.0,55.5,0.7,Q3,NM,2015,6500.0,6500.0,1600.0,25.0,1300.0,650.0,10.0,2015Q3
New York,40.0,14.3,5.7,17.1,8.8,1.5,Q3,NY,2015,44000.0,47000.0,6500.0,14.0,4400.0,7000.0,15.0,2015Q3
North Carolina,33.9,27.9,0.7,7.5,5.7,8.5,Q3,NC,2015,24000.0,24000.0,2900.0,12.0,2500.0,1100.0,5.0,2015Q3
North Dakota,33.8,15.5,8.1,12.3,4.1,3.7,Q3,ND,2015,460000.0,500000.0,93000.0,19.0,11000.0,22000.0,4.0,2015Q3
Ohio,30.7,8.0,0.6,23.4,1.6,1.7,Q3,OH,2015,23000.0,23000.0,1900.0,8.0,2300.0,880.0,4.0,2015Q3
Oklahoma,1.6,2.3,0.1,0.1,0.6,0.4,Q3,OK,2015,19500.0,22000.0,230.0,1.0,160.0,190.0,1.0,2015Q3
Oregon,56.0,20.8,5.2,3.1,4.8,3.8,Q3,OR,2015,68000.0,100000.0,8500.0,9.0,8000.0,21000.0,21.0,2015Q3
Pennsylvania,45.1,11.3,3.7,5.1,7.2,0.8,Q3,PA,2015,25000.0,25000.0,1800.0,7.0,1800.0,2400.0,10.0,2015Q3
South Carolina,58.4,31.0,18.3,14.7,3.9,3.0,Q3,SC,2015,12000.0,12000.0,2000.0,17.0,880.0,580.0,5.0,2015Q3
South Dakota,22.0,7.3,2.0,7.1,1.9,5.7,Q3,SD,2015,295000.0,295000.0,53000.0,18.0,2100.0,13000.0,4.0,2015Q3
Tennessee,50.8,38.4,0.5,4.8,2.2,1.0,Q3,TN,2015,10000.0,10000.0,1200.0,12.0,500.0,350.0,4.0,2015Q3
Texas,30.7,26.0,1.3,19.4,4.7,5.2,Q3,TX,2015,76000.0,136000.0,16500.0,12.0,5500.0,4800.0,4.0,2015Q3
Utah,40.1,25.0,41.6,33.6,3.6,0.1,Q3,UT,2015,31000.0,36000.0,8000.0,22.0,1400.0,2200.0,6.0,2015Q3
Vermont,22.7,0.5,0.0,0.0,0.4,0.0,Q3,VT,2015,6000.0,6500.0,40.0,1.0,30.0,20.0,0.0,2015Q3
Virginia,29.0,14.2,1.3,3.7,3.5,8.9,Q3,VA,2015,8000.0,8000.0,680.0,9.0,520.0,220.0,3.0,2015Q3
Washington,45.6,3.7,2.3,1.4,3.8,0.3,Q3,WA,2015,84000.0,97000.0,11500.0,12.0,1800.0,20000.0,21.0,2015Q3
West Virginia,21.7,5.3,1.0,1.5,3.0,1.1,Q3,WV,2015,7000.0,7000.0,300.0,4.0,300.0,270.0,4.0,2015Q3
Wisconsin,47.3,20.1,8.3,20.9,12.6,13.5,Q3,WI,2015,60000.0,62000.0,9000.0,15.0,1300.0,4300.0,7.0,2015Q3
Alabama,3.1,6.4,0.2,0.2,2.8,1.9,Q4,AL,2015,8000.0,8000.0,610.0,8.0,80.0,60.0,1.0,2015Q4
Arizona,50.1,1.7,1.1,3.5,0.5,15.5,Q4,AZ,2015,36000.0,39000.0,12000.0,31.0,3000.0,16000.0,41.0,2015Q4
Arkansas,38.1,9.7,0.1,8.2,8.5,0.6,Q4,AR,2015,23000.0,27000.0,2400.0,9.0,1900.0,,,2015Q4
California,37.3,12.7,6.2,11.7,10.5,7.3,Q4,CA,2015,750000.0,1260000.0,149000.0,12.0,39000.0,75000.0,6.0,2015Q4
Colorado,47.6,24.4,21.2,19.7,8.4,1.8,Q4,CO,2015,24000.0,24000.0,2500.0,10.0,3400.0,,,2015Q4
Connecticut,10.5,1.7,0.5,1.1,3.4,2.0,Q4,CT,2015,3200.0,3200.0,210.0,7.0,40.0,70.0,2.0,2015Q4
Florida,27.3,18.4,2.5,6.8,3.0,4.2,Q4,FL,2015,220000.0,260000.0,37000.0,14.0,30000.0,28000.0,11.0,2015Q4
Georgia,43.5,13.9,5.3,4.5,3.7,1.3,Q4,GA,2015,110000.0,121000.0,18000.0,15.0,4400.0,1900.0,2.0,2015Q4
Hawaii,31.0,33.9,0.2,0.0,0.0,0.0,Q4,HI,2015,13000.0,13000.0,690.0,5.0,2700.0,760.0,6.0,2015Q4
Idaho,38.9,0.6,4.3,4.0,2.8,4.5,Q4,ID,2015,121000.0,145000.0,22000.0,15.0,5500.0,5500.0,4.0,2015Q4
Illinois,9.4,2.5,0.3,0.9,1.0,3.1,Q4,IL,2015,14000.0,14000.0,690.0,5.0,,30.0,0.0,2015Q4
Indiana,15.1,0.5,6.3,0.1,0.6,3.7,Q4,IN,2015,11500.0,11500.0,1100.0,10.0,140.0,,,2015Q4
Iowa,53.4,0.9,0.6,6.4,24.8,1.4,Q4,IA,2015,35000.0,35000.0,4300.0,12.0,40.0,30.0,0.0,2015Q4
Kansas,44.5,24.8,0.2,25.1,33.9,19.0,Q4,KS,2015,8500.0,8500.0,3400.0,40.0,50.0,20.0,0.0,2015Q4
Kentucky,22.2,14.8,0.4,9.8,7.2,1.7,Q4,KY,2015,8500.0,8500.0,1100.0,13.0,20.0,10.0,0.0,2015Q4
Louisiana,10.9,1.0,0.0,0.6,2.4,0.2,Q4,LA,2015,55000.0,71000.0,4900.0,7.0,1100.0,2400.0,3.0,2015Q4
Maine,18.0,0.2,0.0,0.0,0.1,0.4,Q4,ME,2015,4700.0,4700.0,60.0,1.0,530.0,20.0,0.0,2015Q4
Maryland,5.6,2.0,0.1,0.0,0.2,4.3,Q4,MD,2015,7500.0,9500.0,730.0,8.0,,,,2015Q4
Massachusetts,31.4,1.6,6.2,1.9,2.6,1.1,Q4,MA,2015,4500.0,4500.0,260.0,6.0,30.0,30.0,1.0,2015Q4
Michigan,30.2,4.1,0.0,4.1,3.2,3.7,Q4,MI,2015,67000.0,73000.0,9000.0,12.0,210.0,1600.0,2.0,2015Q4
Minnesota,43.6,8.7,8.4,25.0,3.8,8.9,Q4,MN,2015,104000.0,105000.0,10000.0,10.0,600.0,40.0,0.0,2015Q4
Mississippi,10.6,2.5,0.3,0.0,0.7,1.3,Q4,MS,2015,31000.0,34000.0,1500.0,4.0,500.0,230.0,1.0,2015Q4
Missouri,2.8,6.0,3.3,0.1,0.8,1.5,Q4,MO,2015,13500.0,13500.0,690.0,5.0,30.0,40.0,0.0,2015Q4
Montana,35.5,19.8,14.4,11.4,3.2,13.9,Q4,MT,2015,116000.0,123000.0,10000.0,8.0,1000.0,80.0,0.0,2015Q4
Nebraska,15.5,0.0,0.2,0.3,0.4,1.7,Q4,NE,2015,72000.0,73000.0,7000.0,10.0,10.0,5500.0,8.0,2015Q4
New Jersey,7.7,2.2,0.0,0.4,0.4,1.2,Q4,NJ,2015,8000.0,8500.0,270.0,3.0,20.0,10.0,0.0,2015Q4
New Mexico,30.9,0.3,0.2,8.4,0.6,1.7,Q4,NM,2015,6000.0,6000.0,290.0,5.0,290.0,30.0,1.0,2015Q4
New York,24.5,2.2,0.8,0.9,0.4,6.2,Q4,NY,2015,45000.0,45000.0,4000.0,9.0,260.0,10.0,0.0,2015Q4
North Carolina,9.6,3.4,0.5,0.4,5.4,3.4,Q4,NC,2015,22000.0,22000.0,2200.0,10.0,510.0,70.0,0.0,2015Q4
North Dakota,10.8,2.3,1.8,1.5,3.7,2.1,Q4,ND,2015,230000.0,275000.0,35000.0,13.0,2700.0,9000.0,3.0,2015Q4
Ohio,36.3,8.8,2.0,7.3,14.5,2.1,Q4,OH,2015,19000.0,19000.0,2400.0,13.0,200.0,140.0,1.0,2015Q4
Oklahoma,2.8,4.5,0.1,0.1,1.3,2.5,Q4,OK,2015,5000.0,10000.0,650.0,7.0,290.0,60.0,1.0,2015Q4
Oregon,16.4,1.3,1.5,1.5,1.7,1.5,Q4,OR,2015,100000.0,114000.0,8500.0,8.0,200.0,1400.0,1.0,2015Q4
Pennsylvania,32.2,4.3,1.0,0.3,0.8,1.0,Q4,PA,2015,22000.0,23000.0,2500.0,11.0,1300.0,6500.0,28.0,2015Q4
South Carolina,14.2,2.9,0.4,1.7,5.8,0.0,Q4,SC,2015,10000.0,17500.0,2200.0,13.0,640.0,1000.0,6.0,2015Q4
South Dakota,16.8,3.0,1.9,7.1,2.4,4.1,Q4,SD,2015,194000.0,205000.0,9000.0,4.0,2400.0,,,2015Q4
Tennessee,43.6,28.3,0.0,4.6,7.1,3.6,Q4,TN,2015,8500.0,10000.0,1100.0,11.0,70.0,420.0,4.0,2015Q4
Texas,20.9,8.7,2.7,5.4,2.2,8.0,Q4,TX,2015,125000.0,250000.0,25000.0,10.0,13000.0,2000.0,1.0,2015Q4
Utah,75.8,9.1,6.4,0.2,4.4,0.4,Q4,UT,2015,28000.0,28000.0,1900.0,7.0,120.0,100.0,0.0,2015Q4
Vermont,57.1,16.8,0.9,0.6,0.4,15.6,Q4,VT,2015,6500.0,6500.0,940.0,15.0,10.0,10.0,0.0,2015Q4
Virginia,26.3,17.2,0.4,0.0,5.8,10.4,Q4,VA,2015,7500.0,7500.0,750.0,10.0,,350.0,5.0,2015Q4
Washington,6.9,0.1,0.1,0.3,3.0,1.5,Q4,WA,2015,87000.0,89000.0,6500.0,7.0,330.0,170.0,0.0,2015Q4
West Virginia,18.8,4.5,1.3,3.0,8.2,0.6,Q4,WV,2015,7000.0,7000.0,610.0,9.0,190.0,140.0,2.0,2015Q4
Wisconsin,49.4,15.6,2.5,21.9,6.6,21.4,Q4,WI,2015,48000.0,48000.0,6500.0,14.0,210.0,10.0,0.0,2015Q4
Alabama,24.2,22.0,4.3,8.1,2.4,11.3,Q1,AL,2016,7500.0,7500.0,1700.0,23.0,2100.0,90.0,1.0,2016Q1
Arizona,33.8,2.8,,7.7,6.5,7.2,Q1,AZ,2016,30000.0,30000.0,4700.0,16.0,3500.0,150.0,1.0,2016Q1
Arkansas,57.4,6.9,0.0,0.5,1.9,8.1,Q1,AR,2016,27000.0,27000.0,5000.0,19.0,5000.0,1100.0,4.0,2016Q1
California,38.1,15.2,9.0,13.5,8.4,4.4,Q1,CA,2016,1130000.0,1410000.0,200000.0,14.0,210000.0,139000.0,10.0,2016Q1
Colorado,2.9,4.1,0.5,0.2,2.7,0.2,Q1,CO,2016,5000.0,8500.0,750.0,9.0,1700.0,10.0,0.0,2016Q1
Connecticut,12.3,0.8,0.2,,7.7,1.7,Q1,CT,2016,2700.0,2700.0,270.0,10.0,70.0,10.0,0.0,2016Q1
Florida,23.6,5.8,0.4,4.9,1.8,1.4,Q1,FL,2016,275000.0,295000.0,40000.0,14.0,49000.0,15500.0,5.0,2016Q1
Georgia,32.3,7.8,2.1,21.4,3.2,3.9,Q1,GA,2016,100000.0,100000.0,15500.0,16.0,36000.0,3200.0,3.0,2016Q1
Hawaii,0.3,1.5,,0.1,0.8,0.0,Q1,HI,2016,15000.0,15000.0,280.0,2.0,570.0,530.0,4.0,2016Q1
Idaho,31.5,2.3,2.1,5.9,5.4,1.4,Q1,ID,2016,91000.0,98000.0,8500.0,9.0,5500.0,3300.0,3.0,2016Q1
Illinois,12.4,6.4,0.3,2.6,4.6,8.6,Q1,IL,2016,8500.0,9500.0,1400.0,15.0,860.0,40.0,0.0,2016Q1
Indiana,17.4,3.7,0.9,0.3,7.2,5.5,Q1,IN,2016,6500.0,6500.0,770.0,12.0,30.0,,,2016Q1
Iowa,52.8,14.4,13.8,2.7,24.0,4.8,Q1,IA,2016,13000.0,13000.0,2900.0,22.0,90.0,,,2016Q1
Kansas,30.3,10.0,0.1,1.1,2.4,5.4,Q1,KS,2016,5000.0,5000.0,1100.0,22.0,1400.0,100.0,2.0,2016Q1
Kentucky,23.6,9.0,0.7,6.3,12.5,8.4,Q1,KY,2016,6500.0,6500.0,1300.0,20.0,390.0,40.0,1.0,2016Q1
Louisiana,22.8,14.2,18.6,0.4,12.4,1.9,Q1,LA,2016,54000.0,55000.0,11000.0,20.0,9500.0,2600.0,5.0,2016Q1
Maine,3.3,0.4,0.3,,0.8,1.4,Q1,ME,2016,2200.0,3700.0,170.0,5.0,,,,2016Q1
Maryland,26.2,0.1,,9.5,6.7,0.7,Q1,MD,2016,7500.0,7500.0,820.0,11.0,1200.0,10.0,0.0,2016Q1
Massachusetts,10.1,5.2,0.7,,3.1,1.1,Q1,MA,2016,3000.0,3000.0,370.0,12.0,1200.0,140.0,5.0,2016Q1
Michigan,5.9,0.2,0.0,0.5,1.3,11.3,Q1,MI,2016,25000.0,42000.0,5000.0,12.0,2300.0,80.0,0.0,2016Q1
Minnesota,12.1,7.0,0.2,11.6,8.0,14.5,Q1,MN,2016,36000.0,38000.0,5500.0,14.0,6000.0,,,2016Q1
Mississippi,13.8,1.6,0.0,3.2,0.3,14.5,Q1,MS,2016,21000.0,50000.0,7500.0,15.0,48000.0,25000.0,50.0,2016Q1
Missouri,20.2,7.0,0.4,6.2,4.5,7.3,Q1,MO,2016,10000.0,10000.0,1300.0,13.0,5500.0,420.0,4.0,2016Q1
Montana,0.6,0.0,,0.5,0.1,,Q1,MT,2016,16500.0,65000.0,900.0,1.0,24000.0,,,2016Q1
Nebraska,1.8,0.4,0.1,0.2,0.8,0.6,Q1,NE,2016,11000.0,20000.0,720.0,4.0,510.0,,,2016Q1
New Jersey,8.0,1.1,0.2,0.6,1.7,12.0,Q1,NJ,2016,6000.0,6000.0,1000.0,17.0,80.0,20.0,,2016Q1
New Mexico,69.0,0.4,31.5,,1.5,0.3,Q1,NM,2016,6000.0,6500.0,1700.0,26.0,1400.0,30.0,1.0,2016Q1
New York,27.5,5.9,1.5,7.6,9.5,2.6,Q1,NY,2016,31000.0,33000.0,4200.0,13.0,970.0,600.0,2.0,2016Q1
North Carolina,9.5,2.5,1.9,2.7,4.0,2.4,Q1,NC,2016,18500.0,24000.0,2600.0,11.0,1100.0,230.0,1.0,2016Q1
North Dakota,2.7,,,,0.1,11.7,Q1,ND,2016,89000.0,137000.0,8500.0,6.0,4600.0,,,2016Q1
Ohio,41.6,4.3,0.2,1.3,10.2,5.3,Q1,OH,2016,16500.0,16500.0,2900.0,18.0,760.0,50.0,0.0,2016Q1
Oklahoma,4.9,1.2,0.0,0.3,0.9,21.0,Q1,OK,2016,13500.0,13500.0,3300.0,24.0,4800.0,570.0,4.0,2016Q1
Oregon,20.4,15.0,5.3,0.0,2.4,0.3,Q1,OR,2016,68000.0,92000.0,2900.0,3.0,3800.0,1300.0,1.0,2016Q1
Pennsylvania,44.8,4.3,0.3,3.8,5.5,4.6,Q1,PA,2016,12500.0,12500.0,2900.0,23.0,480.0,170.0,1.0,2016Q1
South Carolina,10.7,2.3,0.6,2.0,5.1,4.8,Q1,SC,2016,16500.0,16500.0,3500.0,21.0,3200.0,380.0,2.0,2016Q1
South Dakota,0.2,0.0,0.0,,0.5,0.3,Q1,SD,2016,47000.0,79000.0,10500.0,13.0,1600.0,,,2016Q1
Tennessee,19.7,7.1,0.2,3.7,10.1,10.9,Q1,TN,2016,9000.0,9000.0,1700.0,19.0,180.0,70.0,1.0,2016Q1
Texas,19.4,9.8,2.3,9.4,3.7,2.5,Q1,TX,2016,240000.0,320000.0,30000.0,9.0,126000.0,49000.0,15.0,2016Q1
Utah,26.2,7.0,0.1,0.4,1.6,0.5,Q1,UT,2016,12000.0,14500.0,1900.0,13.0,1400.0,50.0,0.0,2016Q1
Vermont,1.3,,0.3,,0.5,1.7,Q1,VT,2016,5500.0,5500.0,410.0,7.0,,,,2016Q1
Virginia,32.7,7.3,,0.4,5.0,3.8,Q1,VA,2016,6500.0,6500.0,1100.0,17.0,560.0,70.0,1.0,2016Q1
Washington,23.3,10.5,1.3,1.7,1.9,5.1,Q1,WA,2016,77000.0,146000.0,13500.0,9.0,5500.0,1200.0,1.0,2016Q1
West Virginia,21.9,2.9,1.1,0.6,6.9,6.5,Q1,WV,2016,6500.0,8000.0,1700.0,21.0,,,,2016Q1
Wisconsin,24.2,1.6,1.1,13.4,10.8,10.4,Q1,WI,2016,20000.0,21000.0,3100.0,15.0,530.0,,,2016Q1
Alabama,9.6,8.2,0.3,1.7,4.8,5.4,Q2,AL,2016,8000.0,8000.0,930.0,12.0,1200.0,690.0,9.0,2016Q2
Arizona,26.8,47.5,17.2,12.0,17.4,3.5,Q2,AZ,2016,22000.0,23000.0,3700.0,16.0,14000.0,1600.0,7.0,2016Q2
Arkansas,84.9,8.5,5.5,0.1,3.4,1.6,Q2,AR,2016,24000.0,24000.0,3400.0,14.0,12000.0,1600.0,7.0,2016Q2
California,49.7,14.1,11.2,14.2,15.3,2.6,Q2,CA,2016,1110000.0,1150000.0,108000.0,9.0,240000.0,185000.0,16.0,2016Q2
Colorado,38.7,0.8,3.3,1.4,2.6,0.3,Q2,CO,2016,9500.0,29000.0,1800.0,6.0,9000.0,680.0,2.0,2016Q2
Connecticut,9.3,0.6,0.5,0.3,4.4,1.2,Q2,CT,2016,2500.0,2500.0,100.0,4.0,390.0,60.0,2.0,2016Q2
Florida,48.2,23.3,10.0,11.6,10.1,2.0,Q2,FL,2016,240000.0,240000.0,29000.0,12.0,43000.0,21000.0,9.0,2016Q2
Georgia,59.3,28.4,2.0,28.4,11.7,2.7,Q2,GA,2016,108000.0,111000.0,11000.0,10.0,17500.0,3600.0,3.0,2016Q2
Hawaii,35.6,38.1,0.0,0.6,3.2,,Q2,HI,2016,13500.0,13500.0,830.0,6.0,870.0,,,2016Q2
Idaho,21.2,4.8,2.7,3.1,5.4,2.7,Q2,ID,2016,60000.0,80000.0,6000.0,8.0,19000.0,5500.0,7.0,2016Q2
Illinois,11.4,4.4,2.0,3.1,4.7,2.1,Q2,IL,2016,9000.0,9000.0,740.0,8.0,2200.0,380.0,4.0,2016Q2
Indiana,12.5,2.9,0.0,2.1,2.8,4.3,Q2,IN,2016,4300.0,7000.0,220.0,3.0,2700.0,900.0,13.0,2016Q2
Iowa,23.5,17.8,18.7,0.6,6.0,5.7,Q2,IA,2016,10500.0,26000.0,2400.0,9.0,26000.0,760.0,3.0,2016Q2
Kansas,47.3,11.6,2.8,8.3,3.7,1.8,Q2,KS,2016,4700.0,6000.0,960.0,16.0,3000.0,900.0,15.0,2016Q2
Kentucky,38.9,36.1,1.7,28.4,16.0,3.8,Q2,KY,2016,5500.0,6000.0,450.0,8.0,2100.0,270.0,5.0,2016Q2
Louisiana,20.7,1.1,,0.3,1.2,0.6,Q2,LA,2016,52000.0,53000.0,4300.0,8.0,10000.0,9500.0,18.0,2016Q2
Maine,82.7,,4.3,31.1,2.4,27.9,Q2,ME,2016,3600.0,25000.0,4200.0,17.0,510.0,560.0,2.0,2016Q2
Maryland,4.2,2.3,2.4,2.9,3.3,0.6,Q2,MD,2016,8000.0,9000.0,320.0,4.0,2800.0,400.0,4.0,2016Q2
Massachusetts,40.5,10.6,0.3,10.6,2.3,11.9,Q2,MA,2016,4200.0,8500.0,300.0,4.0,1100.0,440.0,5.0,2016Q2
Michigan,54.1,9.3,1.1,16.5,11.8,1.1,Q2,MI,2016,40000.0,103000.0,7500.0,7.0,13500.0,3200.0,3.0,2016Q2
Minnesota,20.8,6.0,6.5,18.2,8.6,7.6,Q2,MN,2016,27000.0,126000.0,13000.0,10.0,24000.0,4200.0,3.0,2016Q2
Mississippi,12.3,2.3,1.2,2.7,1.2,0.1,Q2,MS,2016,85000.0,90000.0,3700.0,4.0,9000.0,61000.0,68.0,2016Q2
Missouri,17.2,1.6,0.7,0.1,1.6,1.2,Q2,MO,2016,12000.0,12500.0,770.0,6.0,1800.0,730.0,6.0,2016Q2
Montana,30.3,7.1,4.5,3.9,6.9,0.2,Q2,MT,2016,62000.0,157000.0,7000.0,4.0,25000.0,13500.0,9.0,2016Q2
Nebraska,6.1,0.1,1.0,3.8,1.1,3.5,Q2,NE,2016,19500.0,43000.0,6000.0,14.0,8000.0,28000.0,65.0,2016Q2
New Jersey,11.9,0.9,0.2,0.0,0.2,0.3,Q2,NJ,2016,4200.0,18000.0,1500.0,8.0,1900.0,110.0,1.0,2016Q2
New Mexico,59.1,0.3,12.1,2.5,8.2,,Q2,NM,2016,6500.0,6500.0,1400.0,22.0,2700.0,100.0,2.0,2016Q2
New York,20.4,3.1,0.9,11.7,4.1,3.8,Q2,NY,2016,31000.0,46000.0,4000.0,9.0,13500.0,1500.0,3.0,2016Q2
North Carolina,51.8,23.5,4.7,33.8,8.3,41.7,Q2,NC,2016,23000.0,24000.0,1600.0,7.0,10000.0,550.0,2.0,2016Q2
North Dakota,16.2,3.7,2.1,1.1,3.6,0.2,Q2,ND,2016,110000.0,530000.0,27000.0,5.0,23000.0,95000.0,18.0,2016Q2
Ohio,10.6,2.2,0.6,18.3,2.9,1.4,Q2,OH,2016,14000.0,16500.0,1700.0,10.0,6000.0,1100.0,7.0,2016Q2
Oklahoma,51.8,2.8,0.2,1.2,0.6,0.4,Q2,OK,2016,12000.0,13000.0,310.0,2.0,4000.0,10000.0,77.0,2016Q2
Oregon,52.7,14.5,9.9,2.6,16.7,6.0,Q2,OR,2016,77000.0,132000.0,4300.0,3.0,19000.0,16000.0,12.0,2016Q2
Pennsylvania,18.7,3.9,2.4,3.6,4.6,0.9,Q2,PA,2016,11000.0,14000.0,1300.0,9.0,6500.0,1100.0,8.0,2016Q2
South Carolina,51.3,36.6,1.0,35.8,14.3,1.3,Q2,SC,2016,12500.0,13500.0,1300.0,10.0,2200.0,410.0,3.0,2016Q2
South Dakota,32.4,6.6,1.7,5.1,15.4,0.1,Q2,SD,2016,51000.0,182000.0,11000.0,6.0,15000.0,13000.0,7.0,2016Q2
Tennessee,40.9,22.7,0.1,0.4,9.1,2.6,Q2,TN,2016,8000.0,8000.0,580.0,7.0,3900.0,200.0,3.0,2016Q2
Texas,26.1,9.0,7.5,2.4,7.4,3.7,Q2,TX,2016,340000.0,350000.0,36000.0,10.0,74000.0,54000.0,15.0,2016Q2
Utah,23.0,0.1,1.8,7.3,3.4,0.8,Q2,UT,2016,14500.0,25000.0,4800.0,19.0,12000.0,7000.0,28.0,2016Q2
Vermont,2.6,0.1,0.1,,0.3,0.1,Q2,VT,2016,5000.0,6500.0,20.0,0.0,480.0,30.0,0.0,2016Q2
Virginia,23.1,4.2,6.8,6.0,7.3,2.9,Q2,VA,2016,6000.0,6500.0,230.0,4.0,2200.0,480.0,7.0,2016Q2
Washington,40.9,11.4,3.3,3.1,11.1,0.6,Q2,WA,2016,91000.0,143000.0,6000.0,4.0,21000.0,11500.0,8.0,2016Q2
West Virginia,20.1,0.8,4.2,,14.7,0.7,Q2,WV,2016,7000.0,7000.0,990.0,14.0,2600.0,160.0,2.0,2016Q2
Wisconsin,23.4,3.7,12.8,12.6,14.9,10.5,Q2,WI,2016,18500.0,78000.0,5500.0,7.0,17500.0,3600.0,5.0,2016Q2
Alabama,11.7,42.0,0.0,3.8,3.2,13.8,Q3,AL,2016,8000.0,8000.0,1200.0,15.0,440.0,50.0,1.0,2016Q3
Arizona,41.7,1.0,0.9,13.5,13.4,8.9,Q3,AZ,2016,30000.0,32000.0,6000.0,19.0,3200.0,2600.0,8.0,2016Q3
Arkansas,80.7,9.0,0.4,7.9,2.7,0.3,Q3,AR,2016,32000.0,32000.0,1500.0,5.0,270.0,60.0,0.0,2016Q3
California,42.2,17.8,8.5,18.8,10.4,6.9,Q3,CA,2016,740000.0,820000.0,82000.0,10.0,33000.0,78000.0,10.0,2016Q3
Colorado,49.3,22.4,16.8,24.6,10.6,0.1,Q3,CO,2016,33000.0,37000.0,6500.0,18.0,1100.0,740.0,2.0,2016Q3
Connecticut,18.8,1.6,,0.2,5.0,0.8,Q3,CT,2016,3100.0,3100.0,270.0,9.0,890.0,180.0,6.0,2016Q3
Florida,45.1,23.4,2.7,9.9,8.5,1.8,Q3,FL,2016,200000.0,220000.0,25000.0,11.0,62000.0,14500.0,7.0,2016Q3
Georgia,30.7,16.4,2.4,12.1,7.6,4.5,Q3,GA,2016,102000.0,103000.0,13000.0,13.0,12500.0,2300.0,2.0,2016Q3
Hawaii,67.8,75.3,0.1,0.8,,,Q3,HI,2016,13500.0,13500.0,600.0,4.0,430.0,820.0,6.0,2016Q3
Idaho,25.3,4.7,4.5,7.6,6.0,3.3,Q3,ID,2016,79000.0,131000.0,13000.0,10.0,1900.0,2800.0,2.0,2016Q3
Illinois,17.4,7.9,0.7,4.3,2.9,1.6,Q3,IL,2016,11000.0,11000.0,1300.0,12.0,850.0,310.0,3.0,2016Q3
Indiana,50.4,12.4,1.2,0.6,2.5,1.2,Q3,IN,2016,9500.0,9500.0,600.0,6.0,450.0,550.0,6.0,2016Q3
Iowa,32.6,3.4,0.8,16.7,2.4,5.6,Q3,IA,2016,50000.0,50000.0,5500.0,11.0,10500.0,2400.0,5.0,2016Q3
Kansas,42.8,25.5,14.1,29.1,4.5,2.6,Q3,KS,2016,8000.0,8000.0,2600.0,33.0,310.0,190.0,2.0,2016Q3
Kentucky,42.3,25.7,0.9,11.5,7.4,4.5,Q3,KY,2016,7500.0,7500.0,1000.0,13.0,900.0,230.0,3.0,2016Q3
Louisiana,39.5,26.1,0.0,1.6,9.6,0.7,Q3,LA,2016,51000.0,60000.0,7000.0,12.0,2600.0,2100.0,4.0,2016Q3
Maine,9.3,0.1,0.2,,0.6,,Q3,ME,2016,5500.0,5500.0,420.0,8.0,240.0,140.0,3.0,2016Q3
Maryland,10.8,4.8,0.1,0.7,0.6,1.6,Q3,MD,2016,7000.0,7000.0,200.0,3.0,400.0,20.0,0.0,2016Q3
Massachusetts,14.1,8.7,6.8,0.1,3.4,7.9,Q3,MA,2016,9500.0,9500.0,530.0,6.0,450.0,40.0,0.0,2016Q3
Michigan,64.1,25.1,0.3,9.1,6.5,2.7,Q3,MI,2016,108000.0,108000.0,15000.0,14.0,11000.0,9500.0,9.0,2016Q3
Minnesota,47.2,14.6,6.2,22.4,17.8,8.9,Q3,MN,2016,132000.0,138000.0,26000.0,19.0,1300.0,1900.0,1.0,2016Q3
Mississippi,27.5,3.5,1.6,1.8,5.0,4.7,Q3,MS,2016,19000.0,20000.0,3300.0,17.0,750.0,740.0,4.0,2016Q3
Missouri,13.3,7.7,1.0,0.1,3.1,0.7,Q3,MO,2016,13500.0,13500.0,650.0,5.0,480.0,170.0,1.0,2016Q3
Montana,41.9,8.8,7.0,6.9,6.1,1.4,Q3,MT,2016,147000.0,158000.0,11500.0,7.0,4100.0,6500.0,4.0,2016Q3
Nebraska,20.4,1.6,0.1,10.2,1.6,0.1,Q3,NE,2016,45000.0,47000.0,8500.0,18.0,390.0,27000.0,57.0,2016Q3
New Jersey,20.2,7.1,1.2,8.5,1.3,0.3,Q3,NJ,2016,18000.0,18000.0,270.0,2.0,120.0,80.0,0.0,2016Q3
New Mexico,59.5,55.4,55.2,24.1,1.7,0.7,Q3,NM,2016,6500.0,6500.0,1100.0,17.0,2000.0,1000.0,15.0,2016Q3
New York,37.4,9.0,5.5,5.2,24.7,2.6,Q3,NY,2016,56000.0,56000.0,10000.0,18.0,1900.0,800.0,1.0,2016Q3
North Carolina,27.8,13.4,0.1,2.9,13.4,3.0,Q3,NC,2016,25000.0,25000.0,1400.0,6.0,1400.0,1200.0,5.0,2016Q3
North Dakota,38.0,11.8,6.3,12.9,9.9,3.1,Q3,ND,2016,510000.0,550000.0,71000.0,13.0,25000.0,104000.0,19.0,2016Q3
Ohio,60.6,10.6,2.3,2.9,3.6,3.2,Q3,OH,2016,21000.0,21000.0,1600.0,8.0,980.0,630.0,3.0,2016Q3
Oklahoma,7.5,6.5,0.3,0.7,1.4,21.8,Q3,OK,2016,3700.0,3700.0,560.0,15.0,30.0,30.0,1.0,2016Q3
Oregon,52.9,18.5,12.5,9.6,5.1,1.5,Q3,OR,2016,107000.0,112000.0,7500.0,7.0,2900.0,4300.0,4.0,2016Q3
Pennsylvania,27.3,7.7,1.6,4.3,2.8,1.2,Q3,PA,2016,19000.0,22000.0,1300.0,6.0,680.0,780.0,4.0,2016Q3
South Carolina,20.4,18.8,0.1,2.6,2.6,1.9,Q3,SC,2016,13000.0,13500.0,920.0,7.0,990.0,50.0,0.0,2016Q3
South Dakota,48.8,19.5,14.2,22.7,4.6,2.8,Q3,SD,2016,178000.0,191000.0,25000.0,13.0,4200.0,9500.0,5.0,2016Q3
Tennessee,22.5,23.1,1.3,2.4,6.2,2.0,Q3,TN,2016,10000.0,10000.0,950.0,10.0,340.0,290.0,3.0,2016Q3
Texas,47.2,11.4,1.7,31.4,3.7,4.1,Q3,TX,2016,129000.0,143000.0,12000.0,8.0,12500.0,810.0,1.0,2016Q3
Utah,32.1,20.2,0.6,21.8,2.5,1.7,Q3,UT,2016,27000.0,33000.0,3200.0,10.0,1200.0,120.0,0.0,2016Q3
Vermont,5.6,8.0,1.7,,2.4,0.8,Q3,VT,2016,6500.0,6500.0,400.0,6.0,170.0,50.0,1.0,2016Q3
Virginia,39.1,24.1,1.1,2.3,5.3,3.6,Q3,VA,2016,8000.0,8000.0,810.0,10.0,460.0,360.0,5.0,2016Q3
Washington,65.2,1.4,0.9,19.1,4.3,0.1,Q3,WA,2016,57000.0,74000.0,5000.0,7.0,7500.0,2000.0,3.0,2016Q3
West Virginia,41.5,7.1,3.6,0.1,8.1,0.4,Q3,WV,2016,7500.0,7500.0,190.0,3.0,130.0,220.0,3.0,2016Q3
Wisconsin,31.5,13.6,10.8,15.8,5.1,11.1,Q3,WI,2016,71000.0,75000.0,12000.0,16.0,880.0,640.0,1.0,2016Q3
Alabama,12.3,9.9,0.2,2.4,6.7,3.3,Q4,AL,2016,7000.0,7000.0,610.0,9.0,50.0,10.0,0.0,2016Q4
Arizona,98.8,15.5,2.3,6.5,4.3,3.2,Q4,AZ,2016,29000.0,31000.0,6500.0,21.0,4600.0,3100.0,10.0,2016Q4
Arkansas,21.1,4.8,0.0,1.3,1.1,3.3,Q4,AR,2016,28000.0,28000.0,2500.0,9.0,20.0,10.0,0.0,2016Q4
California,41.9,13.7,8.0,9.1,9.6,3.5,Q4,CA,2016,770000.0,1330000.0,205000.0,15.0,40000.0,35000.0,3.0,2016Q4
Colorado,32.4,1.3,0.1,3.1,13.0,0.1,Q4,CO,2016,30000.0,30000.0,4500.0,15.0,2500.0,,,2016Q4
Connecticut,14.7,6.6,1.1,1.0,5.8,3.2,Q4,CT,2016,3100.0,3100.0,240.0,8.0,,,,2016Q4
Florida,30.9,27.1,7.7,17.0,13.6,6.5,Q4,FL,2016,255000.0,300000.0,41000.0,14.0,31000.0,11500.0,4.0,2016Q4
Georgia,43.6,8.6,3.7,7.6,4.1,2.5,Q4,GA,2016,96000.0,112000.0,11000.0,10.0,12000.0,450.0,0.0,2016Q4
Hawaii,39.9,40.8,,0.1,0.2,0.1,Q4,HI,2016,13500.0,13500.0,970.0,7.0,60.0,840.0,6.0,2016Q4
Idaho,31.9,0.8,4.8,0.2,4.2,3.0,Q4,ID,2016,121000.0,143000.0,15500.0,11.0,5000.0,420.0,0.0,2016Q4
Illinois,27.8,11.7,1.2,5.6,3.9,4.8,Q4,IL,2016,9000.0,9000.0,720.0,8.0,,,,2016Q4
Indiana,28.2,9.6,0.2,1.4,1.0,3.8,Q4,IN,2016,7500.0,7500.0,1200.0,16.0,20.0,,,2016Q4
Iowa,18.7,9.8,8.9,9.0,11.4,6.3,Q4,IA,2016,54000.0,54000.0,4700.0,9.0,,20.0,0.0,2016Q4
Kansas,29.2,8.3,0.3,3.1,5.1,1.4,Q4,KS,2016,5000.0,5000.0,1300.0,26.0,200.0,,,2016Q4
Kentucky,48.2,22.3,3.3,3.0,10.3,5.7,Q4,KY,2016,7500.0,7500.0,950.0,13.0,60.0,80.0,1.0,2016Q4
Louisiana,2.9,1.0,1.0,0.1,0.7,1.2,Q4,LA,2016,48000.0,57000.0,2000.0,4.0,250.0,340.0,1.0,2016Q4
Maine,10.7,0.8,0.1,,5.8,0.1,Q4,ME,2016,3500.0,3500.0,280.0,8.0,,,,2016Q4
Maryland,23.8,8.3,4.5,4.6,5.8,0.6,Q4,MD,2016,7500.0,9500.0,500.0,5.0,20.0,30.0,0.0,2016Q4
Massachusetts,6.1,2.6,0.4,0.4,0.7,4.2,Q4,MA,2016,8000.0,8000.0,740.0,9.0,,,,2016Q4
Michigan,23.9,1.5,0.1,2.7,4.0,0.6,Q4,MI,2016,101000.0,101000.0,12500.0,12.0,10.0,130.0,0.0,2016Q4
Minnesota,27.5,7.7,3.1,17.6,5.0,8.9,Q4,MN,2016,113000.0,114000.0,13500.0,12.0,,,,2016Q4
Mississippi,21.9,6.0,0.1,,2.1,2.8,Q4,MS,2016,17500.0,30000.0,2400.0,8.0,330.0,60.0,0.0,2016Q4
Missouri,16.1,12.6,0.2,0.0,1.5,0.7,Q4,MO,2016,9000.0,9000.0,590.0,7.0,1400.0,640.0,7.0,2016Q4
Montana,59.1,39.4,32.9,13.7,33.3,33.1,Q4,MT,2016,124000.0,124000.0,16000.0,13.0,2700.0,,,2016Q4
Nebraska,10.5,1.4,0.2,1.2,0.4,1.5,Q4,NE,2016,37000.0,37000.0,4300.0,12.0,190.0,,,2016Q4
New Jersey,28.6,11.3,0.4,1.9,3.4,8.6,Q4,NJ,2016,12000.0,12000.0,340.0,3.0,400.0,,,2016Q4
New Mexico,46.2,0.3,7.2,,0.8,0.3,Q4,NM,2016,7000.0,7000.0,1600.0,23.0,1100.0,20.0,0.0,2016Q4
New York,27.8,2.2,3.6,12.5,2.2,2.1,Q4,NY,2016,48000.0,49000.0,9000.0,18.0,240.0,130.0,0.0,2016Q4
North Carolina,24.0,7.7,1.8,,12.5,1.3,Q4,NC,2016,25000.0,25000.0,5500.0,22.0,220.0,50.0,0.0,2016Q4
North Dakota,23.5,7.9,1.5,0.4,2.6,2.2,Q4,ND,2016,385000.0,390000.0,44000.0,11.0,13500.0,2500.0,1.0,2016Q4
Ohio,42.0,18.1,0.8,4.2,11.2,10.9,Q4,OH,2016,19500.0,19500.0,2100.0,11.0,20.0,140.0,1.0,2016Q4
Oklahoma,4.9,0.5,0.0,0.1,0.1,0.7,Q4,OK,2016,3100.0,44000.0,2700.0,6.0,120.0,30.0,0.0,2016Q4
Oregon,25.5,2.8,13.0,2.8,2.6,1.3,Q4,OR,2016,98000.0,124000.0,9500.0,8.0,1500.0,1000.0,1.0,2016Q4
Pennsylvania,18.7,2.6,1.0,2.8,4.9,3.1,Q4,PA,2016,21000.0,21000.0,3100.0,15.0,120.0,180.0,1.0,2016Q4
South Carolina,29.0,27.1,23.3,24.6,25.9,1.9,Q4,SC,2016,12000.0,17000.0,1300.0,8.0,760.0,370.0,2.0,2016Q4
South Dakota,48.9,5.3,0.3,6.0,1.0,0.3,Q4,SD,2016,146000.0,146000.0,11000.0,8.0,,2400.0,2.0,2016Q4
Tennessee,19.9,21.6,,1.1,2.2,3.1,Q4,TN,2016,9000.0,9000.0,840.0,9.0,120.0,10.0,0.0,2016Q4
Texas,33.1,17.5,3.2,3.6,2.8,1.4,Q4,TX,2016,136000.0,310000.0,39000.0,13.0,2200.0,650.0,0.0,2016Q4
Utah,26.4,0.1,0.2,0.9,0.7,0.3,Q4,UT,2016,30000.0,30000.0,1600.0,5.0,440.0,50.0,0.0,2016Q4
Vermont,44.5,41.3,41.2,41.0,0.4,,Q4,VT,2016,6500.0,6500.0,260.0,4.0,20.0,10.0,0.0,2016Q4
Virginia,31.4,19.9,2.0,,1.8,5.1,Q4,VA,2016,7000.0,7000.0,730.0,10.0,230.0,10.0,0.0,2016Q4
Washington,21.4,4.6,3.7,9.1,4.5,0.3,Q4,WA,2016,65000.0,97000.0,9000.0,9.0,3100.0,130.0,0.0,2016Q4
West Virginia,23.8,2.3,1.1,1.1,4.3,2.8,Q4,WV,2016,7500.0,7500.0,1000.0,13.0,80.0,60.0,1.0,2016Q4
Wisconsin,69.3,12.2,10.0,10.6,10.6,46.2,Q4,WI,2016,59000.0,59000.0,7500.0,13.0,10.0,20.0,0.0,2016Q4
Alabama,19.9,9.8,0.2,3.2,6.7,9.3,Q1,AL,2017,7000.0,7000.0,1600.0,23.0,570.0,740.0,11.0,2017Q1
Arizona,35.6,2.0,3.8,1.7,6.5,2.1,Q1,AZ,2017,31000.0,32000.0,6000.0,19.0,2900.0,,,2017Q1
Arkansas,31.5,14.6,0.1,0.5,3.0,1.0,Q1,AR,2017,18000.0,20000.0,3500.0,18.0,430.0,230.0,1.0,2017Q1
California,37.7,12.6,7.5,9.2,6.6,6.3,Q1,CA,2017,1170000.0,1470000.0,195000.0,13.0,137000.0,93000.0,6.0,2017Q1
Colorado,17.0,0.0,0.0,0.9,2.6,0.4,Q1,CO,2017,9500.0,21000.0,1100.0,5.0,100.0,,,2017Q1
Connecticut,51.5,1.5,,,6.1,5.6,Q1,CT,2017,3100.0,3100.0,380.0,12.0,100.0,110.0,4.0,2017Q1
Florida,37.6,14.8,1.5,14.2,6.2,17.9,Q1,FL,2017,260000.0,265000.0,30000.0,11.0,78000.0,34000.0,13.0,2017Q1
Georgia,35.3,7.0,0.2,2.6,4.4,1.8,Q1,GA,2017,123000.0,125000.0,14000.0,11.0,25000.0,21000.0,17.0,2017Q1
Hawaii,1.2,2.1,0.2,,0.1,0.1,Q1,HI,2017,13000.0,13000.0,190.0,1.0,510.0,50.0,0.0,2017Q1
Idaho,74.2,42.3,42.3,21.2,1.7,0.4,Q1,ID,2017,95000.0,99000.0,8500.0,9.0,2000.0,280.0,0.0,2017Q1
Illinois,21.2,13.1,0.5,3.7,9.9,8.0,Q1,IL,2017,11000.0,11000.0,2900.0,26.0,3100.0,150.0,1.0,2017Q1
Indiana,15.8,8.0,5.2,4.1,10.4,7.1,Q1,IN,2017,7000.0,7500.0,1900.0,25.0,1700.0,70.0,1.0,2017Q1
Iowa,33.6,8.3,8.4,12.0,11.9,11.7,Q1,IA,2017,10000.0,15500.0,3000.0,19.0,70.0,,,2017Q1
Kansas,47.2,3.0,,3.6,16.4,14.3,Q1,KS,2017,3800.0,3800.0,1000.0,26.0,930.0,380.0,10.0,2017Q1
Kentucky,31.9,11.5,0.4,3.8,16.0,7.5,Q1,KY,2017,6500.0,7000.0,1300.0,19.0,950.0,430.0,6.0,2017Q1
Louisiana,25.8,9.6,0.1,1.8,4.3,1.8,Q1,LA,2017,44000.0,47000.0,2700.0,6.0,11000.0,1900.0,4.0,2017Q1
Maine,23.9,20.9,30.5,8.1,26.3,,Q1,ME,2017,2700.0,3100.0,1000.0,32.0,100.0,,,2017Q1
Maryland,11.3,3.3,1.0,1.0,11.9,4.3,Q1,MD,2017,9000.0,9000.0,2100.0,23.0,770.0,260.0,3.0,2017Q1
Massachusetts,32.5,5.6,3.0,4.5,10.5,5.6,Q1,MA,2017,3300.0,3300.0,1500.0,45.0,120.0,110.0,3.0,2017Q1
Michigan,7.9,0.3,,1.9,1.1,3.9,Q1,MI,2017,29000.0,59000.0,5000.0,8.0,600.0,130.0,0.0,2017Q1
Minnesota,2.1,0.4,0.1,0.9,9.0,5.8,Q1,MN,2017,27000.0,41000.0,3500.0,9.0,3300.0,,,2017Q1
Mississippi,41.7,35.3,0.0,0.1,0.5,1.4,Q1,MS,2017,31000.0,68000.0,2600.0,4.0,23000.0,7000.0,10.0,2017Q1
Missouri,16.6,15.4,0.5,2.7,5.4,5.2,Q1,MO,2017,7000.0,7500.0,1200.0,16.0,400.0,10.0,0.0,2017Q1
Montana,34.0,15.1,,2.5,6.0,0.1,Q1,MT,2017,18500.0,46000.0,470.0,1.0,3100.0,6000.0,13.0,2017Q1
Nebraska,14.8,0.3,0.4,,2.1,1.2,Q1,NE,2017,7500.0,13000.0,750.0,6.0,120.0,,,2017Q1
New Jersey,16.3,0.7,0.3,0.1,0.8,0.6,Q1,NJ,2017,6000.0,6000.0,490.0,8.0,10.0,,,2017Q1
New Mexico,93.9,,87.4,,2.0,,Q1,NM,2017,5500.0,5500.0,2100.0,38.0,3600.0,,,2017Q1
New York,20.4,9.4,9.8,4.4,13.2,10.8,Q1,NY,2017,32000.0,33000.0,6000.0,18.0,520.0,,,2017Q1
North Carolina,34.7,17.4,0.2,1.5,7.2,3.9,Q1,NC,2017,16000.0,23000.0,2500.0,11.0,3700.0,1200.0,5.0,2017Q1
North Dakota,0.8,,,,0.2,0.2,Q1,ND,2017,50000.0,123000.0,640.0,1.0,1100.0,10.0,0.0,2017Q1
Ohio,25.8,11.6,0.6,0.1,5.2,16.5,Q1,OH,2017,15500.0,17500.0,4400.0,25.0,1300.0,530.0,3.0,2017Q1
Oklahoma,11.9,1.0,,0.1,0.5,0.3,Q1,OK,2017,26000.0,26000.0,550.0,2.0,9500.0,1700.0,7.0,2017Q1
Oregon,28.7,8.5,10.1,9.1,15.4,8.5,Q1,OR,2017,71000.0,90000.0,8000.0,9.0,7500.0,1400.0,2.0,2017Q1
Pennsylvania,20.9,2.4,0.8,2.9,3.6,7.2,Q1,PA,2017,17000.0,18000.0,4000.0,22.0,810.0,390.0,2.0,2017Q1
South Carolina,12.6,5.3,0.4,1.1,2.7,1.8,Q1,SC,2017,17000.0,17500.0,1600.0,9.0,4700.0,970.0,6.0,2017Q1
South Dakota,2.9,,,,0.2,0.3,Q1,SD,2017,21000.0,48000.0,2700.0,6.0,1500.0,440.0,1.0,2017Q1
Tennessee,28.6,12.6,0.9,2.4,8.1,7.0,Q1,TN,2017,8500.0,8500.0,1600.0,19.0,1500.0,160.0,2.0,2017Q1
Texas,36.2,22.5,2.0,5.1,3.5,3.6,Q1,TX,2017,275000.0,340000.0,49000.0,14.0,130000.0,68000.0,20.0,2017Q1
Utah,38.7,,0.1,,2.0,0.3,Q1,UT,2017,16000.0,19000.0,2700.0,14.0,3900.0,60.0,0.0,2017Q1
Vermont,6.0,0.7,2.1,0.2,0.9,2.2,Q1,VT,2017,6500.0,6500.0,440.0,7.0,,,,2017Q1
Virginia,21.4,12.8,2.8,3.2,7.4,8.4,Q1,VA,2017,8000.0,8000.0,1400.0,18.0,1900.0,280.0,4.0,2017Q1
Washington,6.8,0.1,,,8.0,4.4,Q1,WA,2017,68000.0,104000.0,9000.0,9.0,8500.0,,,2017Q1
West Virginia,15.8,1.0,0.2,,11.9,1.3,Q1,WV,2017,5500.0,8000.0,800.0,10.0,450.0,100.0,1.0,2017Q1
Wisconsin,19.0,1.9,1.1,2.0,4.0,10.5,Q1,WI,2017,17000.0,22000.0,4400.0,20.0,450.0,70.0,0.0,2017Q1
Alabama,17.9,13.6,,4.2,9.4,5.3,Q2,AL,2017,6500.0,6500.0,440.0,7.0,1200.0,500.0,8.0,2017Q2
Arizona,58.4,15.9,19.7,12.4,20.4,0.7,Q2,AZ,2017,22000.0,22000.0,2600.0,12.0,12500.0,3000.0,14.0,2017Q2
Arkansas,19.4,9.6,1.9,3.9,2.7,2.5,Q2,AR,2017,17000.0,24000.0,1900.0,8.0,6000.0,1300.0,5.0,2017Q2
California,38.0,7.7,3.1,13.0,4.8,3.4,Q2,CA,2017,980000.0,990000.0,90000.0,9.0,160000.0,220000.0,22.0,2017Q2
Colorado,31.3,0.8,5.3,3.2,4.6,0.1,Q2,CO,2017,16500.0,31000.0,4500.0,15.0,8000.0,7500.0,24.0,2017Q2
Connecticut,9.1,0.2,,0.5,1.9,0.7,Q2,CT,2017,3000.0,3000.0,140.0,5.0,2200.0,350.0,12.0,2017Q2
Florida,36.5,14.4,6.1,9.0,6.5,18.9,Q2,FL,2017,245000.0,255000.0,35000.0,14.0,40000.0,50000.0,20.0,2017Q2
Georgia,34.1,5.8,1.0,6.6,6.5,2.8,Q2,GA,2017,130000.0,137000.0,12500.0,9.0,21000.0,31000.0,23.0,2017Q2
Hawaii,88.9,3.7,0.0,,0.4,,Q2,HI,2017,12000.0,12000.0,70.0,1.0,3000.0,920.0,8.0,2017Q2
Idaho,30.5,6.4,4.0,8.3,7.8,4.8,Q2,ID,2017,61000.0,78000.0,10500.0,13.0,22000.0,31000.0,40.0,2017Q2
Illinois,11.3,4.3,0.7,3.0,5.6,1.5,Q2,IL,2017,11500.0,12000.0,1200.0,10.0,3600.0,1600.0,13.0,2017Q2
Indiana,5.5,2.1,0.1,43.3,8.6,1.2,Q2,IN,2017,7500.0,11000.0,1200.0,11.0,3000.0,510.0,5.0,2017Q2
Iowa,39.3,27.6,7.5,26.6,8.1,0.9,Q2,IA,2017,12000.0,23000.0,2400.0,10.0,23000.0,3900.0,17.0,2017Q2
Kansas,17.3,8.5,0.7,22.6,1.7,6.4,Q2,KS,2017,3800.0,6000.0,390.0,7.0,2500.0,870.0,15.0,2017Q2
Kentucky,25.7,11.6,1.0,4.5,4.3,4.9,Q2,KY,2017,7000.0,7500.0,900.0,12.0,3100.0,590.0,8.0,2017Q2
Louisiana,23.2,3.1,,1.6,1.5,0.7,Q2,LA,2017,56000.0,62000.0,2600.0,4.0,4100.0,8000.0,13.0,2017Q2
Maine,4.4,4.3,4.1,4.3,2.0,14.8,Q2,ME,2017,2200.0,33000.0,910.0,3.0,1100.0,1400.0,4.0,2017Q2
Maryland,3.3,6.9,0.8,0.3,2.1,1.1,Q2,MD,2017,8000.0,9500.0,190.0,2.0,3400.0,930.0,10.0,2017Q2
Massachusetts,14.8,12.5,12.9,11.0,0.4,1.6,Q2,MA,2017,2500.0,8000.0,140.0,2.0,1400.0,490.0,6.0,2017Q2
Michigan,19.1,7.2,0.2,2.1,0.9,0.5,Q2,MI,2017,55000.0,100000.0,7500.0,8.0,20000.0,13500.0,14.0,2017Q2
Minnesota,20.5,4.7,2.3,12.8,6.6,2.2,Q2,MN,2017,32000.0,128000.0,12000.0,9.0,19000.0,8500.0,7.0,2017Q2
Mississippi,14.0,0.9,,1.7,3.7,0.8,Q2,MS,2017,89000.0,89000.0,3800.0,4.0,5500.0,26000.0,29.0,2017Q2
Missouri,13.4,8.9,3.0,1.0,5.1,1.9,Q2,MO,2017,6500.0,7000.0,270.0,4.0,1800.0,1000.0,14.0,2017Q2
Montana,20.0,4.0,4.2,3.5,4.4,0.6,Q2,MT,2017,47000.0,135000.0,3700.0,3.0,18000.0,18000.0,13.0,2017Q2
Nebraska,50.1,38.4,1.0,37.6,16.0,0.8,Q2,NE,2017,7500.0,43000.0,1500.0,3.0,7000.0,27000.0,63.0,2017Q2
New Jersey,21.4,5.6,2.3,1.9,0.3,0.8,Q2,NJ,2017,5500.0,21000.0,430.0,2.0,1900.0,660.0,3.0,2017Q2
New Mexico,88.4,0.6,72.9,,35.6,0.6,Q2,NM,2017,7000.0,7500.0,1800.0,24.0,3300.0,3900.0,52.0,2017Q2
New York,22.2,2.1,2.1,2.0,8.9,0.1,Q2,NY,2017,25000.0,43000.0,1300.0,3.0,16500.0,7500.0,17.0,2017Q2
North Carolina,23.4,5.5,2.3,0.8,5.1,1.5,Q2,NC,2017,24000.0,25000.0,3000.0,12.0,5000.0,2700.0,11.0,2017Q2
North Dakota,29.3,4.0,3.2,5.3,3.2,1.0,Q2,ND,2017,115000.0,450000.0,16000.0,4.0,31000.0,41000.0,9.0,2017Q2
Ohio,45.5,6.4,6.2,10.4,16.6,3.0,Q2,OH,2017,13500.0,15000.0,1100.0,7.0,7000.0,2500.0,17.0,2017Q2
Oklahoma,23.6,2.3,11.2,0.5,7.7,0.3,Q2,OK,2017,17000.0,17000.0,200.0,1.0,4700.0,1200.0,7.0,2017Q2
Oregon,37.2,10.6,8.8,3.5,15.8,11.3,Q2,OR,2017,71000.0,92000.0,5000.0,5.0,15500.0,22000.0,24.0,2017Q2
Pennsylvania,13.5,1.0,0.7,1.5,2.4,1.5,Q2,PA,2017,15500.0,17500.0,540.0,3.0,7500.0,2300.0,13.0,2017Q2
South Carolina,24.3,21.7,15.1,18.5,4.1,0.4,Q2,SC,2017,20000.0,20000.0,870.0,4.0,3000.0,3700.0,19.0,2017Q2
South Dakota,8.7,1.4,1.0,6.4,5.0,3.6,Q2,SD,2017,30000.0,168000.0,13000.0,8.0,10000.0,23000.0,14.0,2017Q2
Tennessee,53.4,25.5,1.0,3.1,10.6,3.9,Q2,TN,2017,8500.0,9000.0,1300.0,14.0,2600.0,1500.0,17.0,2017Q2
Texas,28.7,16.8,1.5,12.4,2.8,1.4,Q2,TX,2017,345000.0,350000.0,28000.0,8.0,43000.0,148000.0,42.0,2017Q2
Utah,36.7,1.3,0.3,0.1,12.6,,Q2,UT,2017,21000.0,31000.0,2700.0,9.0,12500.0,10000.0,32.0,2017Q2
Vermont,3.3,0.3,0.3,,0.2,0.5,Q2,VT,2017,6000.0,8000.0,170.0,2.0,390.0,190.0,2.0,2017Q2
Virginia,18.7,18.0,0.9,5.0,1.8,4.8,Q2,VA,2017,8500.0,9500.0,1000.0,11.0,3100.0,1100.0,12.0,2017Q2
Washington,21.3,5.0,4.2,7.5,3.6,0.4,Q2,WA,2017,75000.0,111000.0,7000.0,6.0,30000.0,20000.0,18.0,2017Q2
West Virginia,11.6,1.6,1.8,0.4,3.7,1.6,Q2,WV,2017,7500.0,7500.0,370.0,5.0,4100.0,2500.0,33.0,2017Q2
Wisconsin,13.8,1.7,1.7,2.2,3.2,0.3,Q2,WI,2017,18000.0,65000.0,4000.0,6.0,13000.0,6500.0,10.0,2017Q2
Alabama,69.5,22.1,,35.4,7.5,3.9,Q3,AL,2017,7000.0,9500.0,900.0,9.0,690.0,530.0,6.0,2017Q3
Arizona,19.8,0.4,0.5,1.1,12.4,6.3,Q3,AZ,2017,26000.0,26000.0,4100.0,16.0,5000.0,3200.0,12.0,2017Q3
Arkansas,61.4,9.1,,17.0,9.3,2.3,Q3,AR,2017,29000.0,29000.0,6000.0,21.0,4400.0,410.0,1.0,2017Q3
California,42.3,15.8,5.6,13.4,10.1,3.6,Q3,CA,2017,590000.0,670000.0,67000.0,10.0,73000.0,74000.0,11.0,2017Q3
Colorado,52.9,1.4,2.6,9.1,7.8,1.4,Q3,CO,2017,35000.0,42000.0,4300.0,10.0,2900.0,6410.0,15.0,2017Q3
Connecticut,25.1,1.5,0.1,,13.0,,Q3,CT,2017,3500.0,3500.0,130.0,4.0,50.0,20.0,1.0,2017Q3
Florida,42.9,13.2,3.7,6.3,11.4,21.5,Q3,FL,2017,176000.0,180000.0,39000.0,22.0,39000.0,42000.0,23.0,2017Q3
Georgia,47.6,18.0,2.3,14.1,15.1,6.9,Q3,GA,2017,121000.0,122000.0,15500.0,13.0,19000.0,23000.0,19.0,2017Q3
Hawaii,2.8,4.3,0.3,,2.0,0.0,Q3,HI,2017,15000.0,15000.0,1100.0,7.0,430.0,20.0,0.0,2017Q3
Idaho,53.7,19.1,6.7,15.5,9.5,5.1,Q3,ID,2017,89000.0,116000.0,12000.0,10.0,9000.0,16500.0,14.0,2017Q3
Illinois,29.9,14.2,2.8,2.8,4.6,3.3,Q3,IL,2017,13000.0,13000.0,1100.0,8.0,710.0,1200.0,9.0,2017Q3
Indiana,13.9,5.9,0.4,3.9,3.8,2.0,Q3,IN,2017,13000.0,13000.0,930.0,7.0,420.0,740.0,6.0,2017Q3
Iowa,17.2,7.2,2.4,3.9,4.0,2.2,Q3,IA,2017,40000.0,43000.0,2200.0,5.0,2100.0,4000.0,9.0,2017Q3
Kansas,65.4,52.6,14.8,20.3,1.1,7.4,Q3,KS,2017,7000.0,7000.0,1700.0,24.0,1400.0,1000.0,14.0,2017Q3
Kentucky,46.4,39.2,4.6,0.6,10.3,6.2,Q3,KY,2017,9000.0,9000.0,1600.0,18.0,450.0,700.0,8.0,2017Q3
Louisiana,59.2,74.5,0.3,1.6,4.0,14.9,Q3,LA,2017,64000.0,64000.0,13500.0,21.0,14500.0,34000.0,53.0,2017Q3
Maine,3.4,0.9,0.9,3.9,1.2,0.1,Q3,ME,2017,5500.0,6000.0,400.0,7.0,210.0,290.0,5.0,2017Q3
Maryland,8.8,10.1,0.7,1.6,5.1,9.1,Q3,MD,2017,8500.0,8500.0,1600.0,19.0,1300.0,600.0,7.0,2017Q3
Massachusetts,82.0,0.9,0.7,2.3,0.8,0.1,Q3,MA,2017,9000.0,9000.0,760.0,8.0,790.0,460.0,5.0,2017Q3
Michigan,56.8,11.9,8.6,13.7,15.0,2.9,Q3,MI,2017,103000.0,109000.0,17500.0,16.0,4300.0,11500.0,11.0,2017Q3
Minnesota,39.8,4.7,1.8,9.4,11.6,2.3,Q3,MN,2017,136000.0,136000.0,20000.0,15.0,1900.0,2200.0,2.0,2017Q3
Mississippi,71.1,4.8,0.7,0.2,18.1,0.7,Q3,MS,2017,24000.0,24000.0,2900.0,12.0,250.0,230.0,1.0,2017Q3
Missouri,77.7,36.0,2.8,34.0,1.6,35.0,Q3,MO,2017,9000.0,9000.0,580.0,6.0,320.0,310.0,3.0,2017Q3
Montana,42.3,6.7,6.9,2.2,19.1,2.0,Q3,MT,2017,154000.0,161000.0,18500.0,11.0,3100.0,23000.0,14.0,2017Q3
Nebraska,15.1,6.6,0.4,7.1,9.2,0.2,Q3,NE,2017,46000.0,47000.0,3700.0,8.0,880.0,13500.0,29.0,2017Q3
New Jersey,10.7,2.9,,0.8,0.4,1.9,Q3,NJ,2017,16000.0,16000.0,420.0,3.0,280.0,110.0,1.0,2017Q3
New Mexico,74.3,3.3,17.8,13.6,3.1,0.3,Q3,NM,2017,8500.0,8500.0,2500.0,29.0,1800.0,200.0,2.0,2017Q3
New York,45.1,19.8,6.2,9.4,13.6,1.8,Q3,NY,2017,59000.0,59000.0,6500.0,11.0,3100.0,9000.0,15.0,2017Q3
North Carolina,74.5,36.1,3.3,20.3,7.6,1.8,Q3,NC,2017,26000.0,27000.0,3300.0,12.0,4100.0,2900.0,11.0,2017Q3
North Dakota,42.0,11.9,3.4,8.1,8.1,1.9,Q3,ND,2017,470000.0,490000.0,48000.0,10.0,24000.0,100000.0,20.0,2017Q3
Ohio,51.5,19.1,4.7,6.7,11.7,7.0,Q3,OH,2017,23000.0,23000.0,1800.0,8.0,1100.0,1800.0,8.0,2017Q3
Oklahoma,22.0,23.0,10.0,3.8,4.7,2.0,Q3,OK,2017,4400.0,4400.0,510.0,12.0,80.0,270.0,6.0,2017Q3
Oregon,54.4,10.6,11.3,13.2,6.4,1.8,Q3,OR,2017,94000.0,101000.0,13500.0,13.0,7500.0,28000.0,28.0,2017Q3
Pennsylvania,41.4,5.7,2.7,3.7,2.2,0.9,Q3,PA,2017,18500.0,18500.0,1500.0,8.0,6000.0,1600.0,9.0,2017Q3
South Carolina,26.4,11.8,0.2,3.0,5.2,0.8,Q3,SC,2017,14500.0,14500.0,1700.0,12.0,640.0,440.0,3.0,2017Q3
South Dakota,47.4,13.4,5.0,10.1,27.0,2.5,Q3,SD,2017,152000.0,159000.0,16500.0,10.0,6000.0,7500.0,5.0,2017Q3
Tennessee,42.8,22.1,2.1,6.0,5.3,6.9,Q3,TN,2017,10000.0,10000.0,1700.0,17.0,800.0,960.0,10.0,2017Q3
Texas,33.7,23.0,0.1,24.0,18.3,1.5,Q3,TX,2017,104000.0,115000.0,15000.0,13.0,21000.0,7500.0,7.0,2017Q3
Utah,40.5,0.1,0.5,16.7,15.9,9.1,Q3,UT,2017,35000.0,35000.0,6500.0,19.0,5500.0,3200.0,9.0,2017Q3
Vermont,16.8,9.0,4.7,0.0,7.0,0.7,Q3,VT,2017,7500.0,7500.0,180.0,2.0,520.0,270.0,4.0,2017Q3
Virginia,50.3,26.5,1.5,0.5,4.4,1.6,Q3,VA,2017,11500.0,11500.0,1200.0,10.0,430.0,430.0,4.0,2017Q3
Washington,23.7,2.7,2.0,1.2,0.7,2.4,Q3,WA,2017,82000.0,92000.0,17000.0,18.0,5500.0,10500.0,11.0,2017Q3
West Virginia,23.2,6.2,1.4,0.6,9.5,3.8,Q3,WV,2017,9000.0,9000.0,930.0,10.0,440.0,1900.0,21.0,2017Q3
Wisconsin,61.6,21.0,18.5,21.8,13.0,12.1,Q3,WI,2017,74000.0,75000.0,12500.0,17.0,6000.0,9000.0,12.0,2017Q3
Alabama,22.3,10.1,8.8,9.5,1.7,5.2,Q4,AL,2017,7500.0,7500.0,990.0,13.0,550.0,500.0,7.0,2017Q4
Arizona,61.6,4.2,2.3,1.6,4.1,0.1,Q4,AZ,2017,27000.0,30000.0,6500.0,22.0,1300.0,1100.0,4.0,2017Q4
Arkansas,37.5,29.2,26.6,31.0,24.1,0.4,Q4,AR,2017,25000.0,25000.0,7500.0,30.0,2500.0,440.0,2.0,2017Q4
California,47.9,14.1,7.4,17.0,17.1,6.3,Q4,CA,2017,680000.0,1200000.0,155000.0,13.0,90000.0,104000.0,9.0,2017Q4
Colorado,30.2,0.7,0.2,20.0,15.5,5.3,Q4,CO,2017,34000.0,34000.0,7000.0,21.0,1500.0,4000.0,12.0,2017Q4
Connecticut,36.4,2.8,,0.6,1.6,1.6,Q4,CT,2017,4000.0,4000.0,330.0,8.0,190.0,110.0,3.0,2017Q4
Florida,41.4,16.8,7.5,10.4,7.6,26.2,Q4,FL,2017,180000.0,240000.0,50000.0,21.0,55000.0,36000.0,15.0,2017Q4
Georgia,56.8,15.1,12.3,15.3,3.6,4.6,Q4,GA,2017,125000.0,145000.0,21000.0,14.0,4300.0,2200.0,2.0,2017Q4
Hawaii,57.2,66.1,0.1,,0.1,,Q4,HI,2017,15000.0,15000.0,130.0,1.0,970.0,290.0,2.0,2017Q4
Idaho,34.0,16.9,17.7,14.9,1.7,0.2,Q4,ID,2017,113000.0,164000.0,9000.0,5.0,10000.0,5000.0,3.0,2017Q4
Illinois,28.9,10.2,0.8,7.9,4.9,4.9,Q4,IL,2017,13500.0,13500.0,1800.0,13.0,140.0,460.0,3.0,2017Q4
Indiana,23.5,5.6,1.7,0.7,3.9,8.0,Q4,IN,2017,11500.0,11500.0,1700.0,15.0,320.0,100.0,1.0,2017Q4
Iowa,61.0,25.5,12.3,32.6,17.9,5.5,Q4,IA,2017,45000.0,45000.0,6500.0,14.0,250.0,3400.0,8.0,2017Q4
Kansas,17.9,7.7,3.3,8.6,0.6,10.2,Q4,KS,2017,6500.0,6500.0,830.0,13.0,140.0,40.0,1.0,2017Q4
Kentucky,54.3,24.4,0.5,6.5,5.6,19.1,Q4,KY,2017,7500.0,7500.0,870.0,12.0,50.0,120.0,2.0,2017Q4
Louisiana,31.5,26.6,0.3,0.6,2.1,10.4,Q4,LA,2017,58000.0,60000.0,2700.0,5.0,390.0,1900.0,3.0,2017Q4
Maine,24.9,6.2,0.4,,0.6,,Q4,ME,2017,5500.0,6000.0,60.0,1.0,220.0,110.0,2.0,2017Q4
Maryland,7.9,3.1,0.2,1.1,1.8,7.8,Q4,MD,2017,8000.0,10500.0,1300.0,12.0,20.0,410.0,4.0,2017Q4
Massachusetts,13.2,1.2,6.7,2.7,1.5,0.3,Q4,MA,2017,6000.0,6000.0,1100.0,18.0,120.0,550.0,9.0,2017Q4
Michigan,53.8,13.6,5.3,23.6,1.5,2.0,Q4,MI,2017,88000.0,88000.0,11500.0,13.0,990.0,1900.0,2.0,2017Q4
Minnesota,62.9,4.0,4.2,39.8,7.2,3.1,Q4,MN,2017,98000.0,98000.0,7000.0,7.0,1900.0,450.0,0.0,2017Q4
Mississippi,19.3,6.1,1.4,1.5,1.5,4.1,Q4,MS,2017,14000.0,22000.0,3400.0,15.0,280.0,830.0,4.0,2017Q4
Missouri,16.7,14.2,1.0,0.1,4.2,1.6,Q4,MO,2017,9500.0,9500.0,820.0,9.0,100.0,230.0,2.0,2017Q4
Montana,54.2,4.1,3.1,5.9,5.3,4.1,Q4,MT,2017,115000.0,121000.0,13000.0,11.0,5500.0,2900.0,2.0,2017Q4
Nebraska,26.6,3.3,4.1,2.1,4.3,11.5,Q4,NE,2017,42000.0,42000.0,7500.0,18.0,80.0,50.0,0.0,2017Q4
New Jersey,18.9,6.8,4.4,4.4,3.3,,Q4,NJ,2017,15500.0,15500.0,1200.0,8.0,330.0,270.0,2.0,2017Q4
New Mexico,86.1,0.3,,10.3,10.0,1.0,Q4,NM,2017,8000.0,8000.0,1900.0,24.0,1700.0,,,2017Q4
New York,22.3,12.7,8.0,5.4,0.4,2.6,Q4,NY,2017,51000.0,51000.0,3900.0,8.0,820.0,460.0,1.0,2017Q4
North Carolina,64.2,16.3,3.9,1.5,11.7,6.7,Q4,NC,2017,23000.0,23000.0,5000.0,22.0,60.0,290.0,1.0,2017Q4
North Dakota,41.7,16.5,0.2,0.5,0.9,0.3,Q4,ND,2017,410000.0,410000.0,26000.0,6.0,10000.0,2900.0,1.0,2017Q4
Ohio,45.3,23.3,7.1,6.4,8.4,2.9,Q4,OH,2017,18500.0,18500.0,2800.0,15.0,510.0,960.0,5.0,2017Q4
Oklahoma,1.0,0.5,,,0.0,0.2,Q4,OK,2017,3700.0,46000.0,100.0,0.0,40.0,,,2017Q4
Oregon,50.6,23.3,28.0,14.2,3.9,1.8,Q4,OR,2017,94000.0,94000.0,10000.0,11.0,70.0,18500.0,20.0,2017Q4
Pennsylvania,44.7,5.4,1.0,6.9,2.9,2.3,Q4,PA,2017,24000.0,24000.0,5500.0,23.0,2500.0,1100.0,5.0,2017Q4
South Carolina,31.6,19.4,14.6,0.2,1.9,1.9,Q4,SC,2017,12500.0,15000.0,2000.0,13.0,1300.0,750.0,5.0,2017Q4
South Dakota,17.3,0.1,4.1,4.4,7.5,2.7,Q4,SD,2017,111000.0,111000.0,6500.0,6.0,,,,2017Q4
Tennessee,22.8,18.9,0.2,2.0,7.5,15.3,Q4,TN,2017,8500.0,10500.0,1300.0,12.0,230.0,320.0,3.0,2017Q4
Texas,33.9,21.4,7.1,2.9,3.8,5.2,Q4,TX,2017,127000.0,285000.0,20000.0,7.0,3200.0,1900.0,1.0,2017Q4
Utah,24.3,8.9,11.0,9.2,9.4,19.8,Q4,UT,2017,29000.0,29000.0,2000.0,7.0,480.0,70.0,0.0,2017Q4
Vermont,96.6,44.5,22.1,55.2,5.7,1.8,Q4,VT,2017,6500.0,6500.0,470.0,7.0,10.0,10.0,0.0,2017Q4
Virginia,20.9,20.6,1.3,7.5,6.9,3.9,Q4,VA,2017,9500.0,9500.0,1100.0,12.0,300.0,210.0,2.0,2017Q4
Washington,21.7,6.0,0.0,0.3,0.4,0.2,Q4,WA,2017,66000.0,72000.0,4000.0,6.0,2900.0,14000.0,19.0,2017Q4
West Virginia,60.1,5.3,2.4,0.1,7.8,3.6,Q4,WV,2017,8500.0,8500.0,1200.0,14.0,70.0,1600.0,19.0,2017Q4
Wisconsin,53.1,36.9,33.1,22.8,15.3,15.2,Q4,WI,2017,51000.0,55000.0,8500.0,15.0,530.0,3000.0,5.0,2017Q4
Alabama,29.2,30.2,1.9,14.9,8.6,4.5,Q1,AL,2018,7500.0,7500.0,820.0,11.0,1200.0,1500.0,20.0,2018Q1
Arizona,36.3,4.3,4.6,15.3,7.9,4.2,Q1,AZ,2018,25000.0,26000.0,6000.0,23.0,810.0,230.0,1.0,2018Q1
Arkansas,21.1,9.6,1.0,23.0,4.6,13.9,Q1,AR,2018,22000.0,22000.0,7500.0,34.0,540.0,810.0,4.0,2018Q1
California,41.3,11.3,4.8,11.5,8.0,4.9,Q1,CA,2018,1150000.0,1540000.0,215000.0,14.0,205000.0,133000.0,9.0,2018Q1
Colorado,31.7,0.8,3.8,0.5,13.7,2.4,Q1,CO,2018,13000.0,21000.0,4900.0,23.0,1400.0,190.0,1.0,2018Q1
Connecticut,14.5,0.7,,0.8,7.7,3.5,Q1,CT,2018,2900.0,2900.0,140.0,5.0,220.0,330.0,11.0,2018Q1
Florida,31.7,15.3,4.5,9.2,5.5,16.0,Q1,FL,2018,245000.0,255000.0,39000.0,15.0,57000.0,38000.0,15.0,2018Q1
Georgia,39.6,18.7,0.9,14.8,27.1,2.1,Q1,GA,2018,134000.0,139000.0,25000.0,18.0,29000.0,39000.0,28.0,2018Q1
Hawaii,83.0,84.5,0.1,,0.1,0.0,Q1,HI,2018,17000.0,17000.0,1600.0,9.0,1200.0,5000.0,29.0,2018Q1
Idaho,28.3,5.7,0.8,3.4,3.4,0.4,Q1,ID,2018,164000.0,168000.0,22000.0,13.0,2500.0,2600.0,2.0,2018Q1
Illinois,25.7,11.2,3.6,3.5,10.4,10.9,Q1,IL,2018,10500.0,10500.0,2400.0,23.0,1000.0,630.0,6.0,2018Q1
Indiana,33.4,8.3,3.0,0.5,9.9,3.7,Q1,IN,2018,7000.0,8000.0,1000.0,13.0,300.0,30.0,0.0,2018Q1
Iowa,5.3,1.1,0.3,0.6,0.6,1.4,Q1,IA,2018,41000.0,44000.0,2100.0,5.0,270.0,110.0,0.0,2018Q1
Kansas,63.0,20.3,1.0,4.3,27.9,9.1,Q1,KS,2018,3700.0,3700.0,950.0,26.0,370.0,410.0,11.0,2018Q1
Kentucky,43.0,29.6,0.9,11.0,8.0,5.9,Q1,KY,2018,5500.0,5500.0,1200.0,22.0,760.0,20.0,0.0,2018Q1
Louisiana,4.9,0.7,0.2,0.7,4.5,1.6,Q1,LA,2018,50000.0,52000.0,3600.0,7.0,4100.0,320.0,1.0,2018Q1
Maine,23.6,0.6,0.2,,5.2,7.4,Q1,ME,2018,1900.0,1900.0,410.0,22.0,20.0,30.0,2.0,2018Q1
Maryland,18.2,5.6,4.4,1.5,14.3,3.1,Q1,MD,2018,8000.0,8000.0,1600.0,20.0,400.0,190.0,2.0,2018Q1
Massachusetts,19.6,1.1,0.8,0.8,9.6,7.4,Q1,MA,2018,3700.0,3700.0,1000.0,27.0,240.0,290.0,8.0,2018Q1
Michigan,21.4,3.5,0.7,7.4,12.0,5.9,Q1,MI,2018,16500.0,37000.0,7000.0,19.0,4000.0,3900.0,11.0,2018Q1
Minnesota,2.0,0.7,1.9,0.6,1.1,1.6,Q1,MN,2018,39000.0,62000.0,3900.0,6.0,8000.0,2900.0,5.0,2018Q1
Mississippi,7.0,4.8,0.0,0.6,2.4,34.4,Q1,MS,2018,19000.0,32000.0,2000.0,6.0,28000.0,5500.0,17.0,2018Q1
Missouri,86.0,77.8,0.3,3.5,26.5,23.9,Q1,MO,2018,8000.0,8000.0,1400.0,18.0,1400.0,50.0,0.0,2018Q1
Montana,28.9,0.0,0.0,26.1,0.1,0.1,Q1,MT,2018,35000.0,60000.0,140.0,0.0,840.0,,,2018Q1
Nebraska,4.5,1.6,,2.8,1.7,0.9,Q1,NE,2018,6500.0,14000.0,430.0,3.0,,,,2018Q1
New Jersey,14.9,1.9,,0.4,3.8,0.8,Q1,NJ,2018,6500.0,6500.0,730.0,11.0,180.0,190.0,3.0,2018Q1
New Mexico,42.8,0.5,,1.3,9.4,0.5,Q1,NM,2018,7500.0,7500.0,3900.0,52.0,180.0,,,2018Q1
New York,25.3,11.9,1.4,1.9,8.0,6.0,Q1,NY,2018,26000.0,26000.0,3700.0,14.0,400.0,170.0,1.0,2018Q1
North Carolina,29.7,10.2,0.3,0.3,13.4,8.0,Q1,NC,2018,18500.0,18500.0,4200.0,23.0,2400.0,260.0,1.0,2018Q1
North Dakota,1.4,0.1,1.1,,0.8,,Q1,ND,2018,66000.0,101000.0,3200.0,3.0,2600.0,10.0,0.0,2018Q1
Ohio,39.6,10.0,6.5,3.2,15.8,11.6,Q1,OH,2018,12000.0,14000.0,4500.0,32.0,300.0,580.0,4.0,2018Q1
Oklahoma,24.1,8.5,3.2,0.1,3.1,2.0,Q1,OK,2018,17000.0,18000.0,3700.0,21.0,890.0,240.0,1.0,2018Q1
Oregon,36.0,0.7,1.2,6.7,3.7,1.0,Q1,OR,2018,81000.0,89000.0,4800.0,5.0,16500.0,3900.0,4.0,2018Q1
Pennsylvania,34.4,5.6,3.3,9.3,5.9,9.9,Q1,PA,2018,14500.0,15000.0,3300.0,22.0,1200.0,670.0,4.0,2018Q1
South Carolina,29.3,15.5,0.7,2.6,13.5,3.0,Q1,SC,2018,13500.0,14500.0,1800.0,12.0,1900.0,2800.0,19.0,2018Q1
South Dakota,4.4,0.1,0.0,0.0,0.5,0.1,Q1,SD,2018,23000.0,29000.0,390.0,1.0,250.0,90.0,0.0,2018Q1
Tennessee,29.2,20.4,2.3,3.0,13.2,19.7,Q1,TN,2018,10000.0,10000.0,3400.0,34.0,540.0,470.0,5.0,2018Q1
Texas,21.5,10.1,4.8,0.2,1.7,10.3,Q1,TX,2018,205000.0,290000.0,32000.0,11.0,124000.0,42000.0,14.0,2018Q1
Utah,18.7,,0.1,,0.1,0.5,Q1,UT,2018,7500.0,17000.0,620.0,4.0,490.0,50.0,0.0,2018Q1
Vermont,17.0,1.2,0.3,0.6,2.0,0.8,Q1,VT,2018,5500.0,5500.0,810.0,15.0,20.0,,,2018Q1
Virginia,26.0,11.3,0.3,3.9,7.7,16.3,Q1,VA,2018,7000.0,7000.0,2100.0,30.0,540.0,160.0,2.0,2018Q1
Washington,8.5,0.9,1.0,1.9,0.4,0.4,Q1,WA,2018,44000.0,90000.0,4600.0,5.0,7000.0,870.0,1.0,2018Q1
West Virginia,15.0,8.0,2.0,3.4,20.8,4.9,Q1,WV,2018,4700.0,8500.0,2500.0,29.0,330.0,60.0,1.0,2018Q1
Wisconsin,14.1,3.7,1.2,1.5,3.6,3.7,Q1,WI,2018,21000.0,29000.0,4600.0,16.0,2800.0,1600.0,6.0,2018Q1
Alabama,25.2,27.3,1.3,14.4,9.4,2.1,Q2,AL,2018,7000.0,8500.0,650.0,8.0,1700.0,710.0,8.0,2018Q2
Arizona,73.8,7.2,32.8,0.8,14.3,4.1,Q2,AZ,2018,19000.0,19500.0,2600.0,13.0,14000.0,2100.0,11.0,2018Q2
Arkansas,30.9,12.8,0.7,2.2,17.0,13.2,Q2,AR,2018,14500.0,16000.0,2000.0,13.0,13000.0,1900.0,12.0,2018Q2
California,41.5,10.2,11.1,13.7,9.0,5.0,Q2,CA,2018,1130000.0,1200000.0,110000.0,9.0,172000.0,255000.0,21.0,2018Q2
Colorado,41.7,0.0,12.7,3.6,4.2,0.5,Q2,CO,2018,16500.0,27000.0,3000.0,11.0,12500.0,4700.0,17.0,2018Q2
Connecticut,11.1,0.9,0.4,0.8,0.8,0.4,Q2,CT,2018,3600.0,3600.0,120.0,3.0,340.0,170.0,5.0,2018Q2
Florida,45.3,27.5,9.6,15.5,10.1,21.1,Q2,FL,2018,250000.0,275000.0,56000.0,20.0,49000.0,68000.0,25.0,2018Q2
Georgia,53.0,25.9,13.8,14.8,31.4,10.1,Q2,GA,2018,131000.0,137000.0,18000.0,13.0,35000.0,16000.0,12.0,2018Q2
Hawaii,88.3,91.9,0.4,,0.8,0.2,Q2,HI,2018,16500.0,16500.0,380.0,2.0,330.0,3100.0,19.0,2018Q2
Idaho,51.6,3.7,3.0,18.5,4.1,4.4,Q2,ID,2018,59000.0,94000.0,6500.0,7.0,14500.0,29000.0,31.0,2018Q2
Illinois,13.7,7.8,6.7,6.6,9.9,2.4,Q2,IL,2018,10000.0,10500.0,2300.0,22.0,5000.0,2900.0,28.0,2018Q2
Indiana,78.0,3.5,0.4,4.5,1.3,1.1,Q2,IN,2018,8000.0,9500.0,1800.0,19.0,4000.0,730.0,8.0,2018Q2
Iowa,12.7,9.3,0.9,7.9,8.4,0.3,Q2,IA,2018,45000.0,47000.0,4300.0,9.0,15500.0,4800.0,10.0,2018Q2
Kansas,42.8,31.6,1.3,24.9,2.1,1.6,Q2,KS,2018,3900.0,3900.0,300.0,8.0,3500.0,2100.0,54.0,2018Q2
Kentucky,40.9,20.2,0.6,1.0,4.1,5.9,Q2,KY,2018,5500.0,6000.0,910.0,15.0,1500.0,560.0,9.0,2018Q2
Louisiana,8.1,5.9,0.2,0.8,1.2,1.3,Q2,LA,2018,48000.0,48000.0,1400.0,3.0,4900.0,4000.0,8.0,2018Q2
Maine,1.4,0.8,0.2,1.3,0.5,0.0,Q2,ME,2018,2200.0,23000.0,3100.0,13.0,430.0,790.0,3.0,2018Q2
Maryland,11.8,3.4,0.8,0.3,4.4,0.4,Q2,MD,2018,7000.0,8000.0,370.0,5.0,2400.0,1200.0,15.0,2018Q2
Massachusetts,6.3,1.1,1.0,1.4,2.0,2.1,Q2,MA,2018,3500.0,8000.0,260.0,3.0,910.0,350.0,4.0,2018Q2
Michigan,75.4,18.6,10.8,11.7,12.7,9.8,Q2,MI,2018,37000.0,70000.0,7500.0,11.0,23000.0,8500.0,12.0,2018Q2
Minnesota,12.9,9.3,7.2,6.0,8.0,20.7,Q2,MN,2018,69000.0,116000.0,8500.0,7.0,42000.0,25000.0,22.0,2018Q2
Mississippi,44.6,26.2,,0.2,3.5,2.2,Q2,MS,2018,50000.0,50000.0,3400.0,7.0,4000.0,7000.0,14.0,2018Q2
Missouri,11.8,13.2,0.8,1.5,8.3,2.6,Q2,MO,2018,7000.0,7000.0,390.0,6.0,2100.0,800.0,11.0,2018Q2
Montana,42.9,4.7,3.3,1.7,0.9,1.2,Q2,MT,2018,50000.0,176000.0,5500.0,3.0,17000.0,22000.0,13.0,2018Q2
Nebraska,5.0,1.4,1.4,4.2,9.0,5.5,Q2,NE,2018,10500.0,46000.0,2100.0,5.0,4000.0,900.0,2.0,2018Q2
New Jersey,16.5,3.3,0.0,0.1,3.4,0.1,Q2,NJ,2018,4400.0,15000.0,270.0,2.0,1300.0,170.0,1.0,2018Q2
New Mexico,0.3,0.1,0.3,,0.2,1.0,Q2,NM,2018,1900.0,4300.0,50.0,1.0,1700.0,450.0,10.0,2018Q2
New York,39.6,20.0,15.0,6.6,16.7,3.7,Q2,NY,2018,20000.0,42000.0,2700.0,6.0,11000.0,2400.0,6.0,2018Q2
North Carolina,9.7,2.6,0.5,2.4,14.6,0.8,Q2,NC,2018,16000.0,17500.0,2500.0,14.0,4100.0,800.0,5.0,2018Q2
North Dakota,34.8,7.9,4.9,4.7,4.9,4.3,Q2,ND,2018,74000.0,460000.0,23000.0,5.0,23000.0,64000.0,14.0,2018Q2
Ohio,38.8,30.7,1.7,2.7,21.6,1.5,Q2,OH,2018,11000.0,13000.0,1500.0,12.0,9000.0,2100.0,16.0,2018Q2
Oklahoma,60.2,10.9,9.6,26.7,12.4,0.1,Q2,OK,2018,15500.0,15500.0,1700.0,11.0,10500.0,6500.0,42.0,2018Q2
Oregon,46.1,3.5,8.1,6.6,15.6,0.2,Q2,OR,2018,41000.0,107000.0,3400.0,3.0,17500.0,24000.0,22.0,2018Q2
Pennsylvania,31.3,16.0,2.2,2.0,1.6,1.9,Q2,PA,2018,15500.0,19500.0,1100.0,6.0,6000.0,1600.0,8.0,2018Q2
South Carolina,14.2,3.5,0.7,1.6,10.0,3.0,Q2,SC,2018,14000.0,14000.0,1300.0,9.0,2600.0,4000.0,29.0,2018Q2
South Dakota,55.1,40.4,7.3,3.8,37.5,0.0,Q2,SD,2018,10000.0,169000.0,17000.0,10.0,12500.0,65000.0,38.0,2018Q2
Tennessee,30.0,22.9,3.0,3.4,6.2,2.5,Q2,TN,2018,8000.0,8000.0,1200.0,15.0,3800.0,1300.0,16.0,2018Q2
Texas,26.5,17.7,8.1,4.5,8.5,14.6,Q2,TX,2018,305000.0,315000.0,38000.0,12.0,79000.0,71000.0,23.0,2018Q2
Utah,43.5,3.7,2.0,1.7,1.4,1.9,Q2,UT,2018,14500.0,26000.0,1900.0,7.0,9500.0,4100.0,16.0,2018Q2
Vermont,21.8,1.5,0.7,16.7,1.8,0.1,Q2,VT,2018,5500.0,6500.0,520.0,8.0,2600.0,140.0,2.0,2018Q2
Virginia,22.7,18.8,3.2,1.3,23.1,1.5,Q2,VA,2018,5000.0,6000.0,500.0,8.0,2600.0,700.0,12.0,2018Q2
Washington,55.9,9.4,7.6,7.6,7.1,0.6,Q2,WA,2018,55000.0,122000.0,7500.0,6.0,15500.0,19000.0,16.0,2018Q2
West Virginia,13.8,7.5,0.9,2.9,13.6,7.9,Q2,WV,2018,7000.0,7000.0,570.0,8.0,2300.0,550.0,8.0,2018Q2
Wisconsin,32.1,16.9,18.3,27.1,29.5,0.8,Q2,WI,2018,26000.0,56000.0,6500.0,12.0,12000.0,7000.0,13.0,2018Q2
Alabama,77.5,69.4,0.7,14.6,7.8,6.8,Q3,AL,2018,8500.0,8500.0,1700.0,20.0,1600.0,1300.0,15.0,2018Q3
Arizona,52.5,2.3,4.5,3.8,15.0,27.6,Q3,AZ,2018,31000.0,31000.0,8000.0,26.0,3200.0,3100.0,10.0,2018Q3
Arkansas,29.9,7.8,0.1,17.6,0.5,0.6,Q3,AR,2018,29000.0,29000.0,2300.0,8.0,2600.0,840.0,3.0,2018Q3
California,57.3,6.6,4.5,17.8,12.0,3.6,Q3,CA,2018,590000.0,700000.0,73000.0,10.0,63000.0,141000.0,20.0,2018Q3
Colorado,72.6,16.6,5.6,2.9,8.5,4.5,Q3,CO,2018,34000.0,35000.0,5000.0,14.0,1500.0,5000.0,14.0,2018Q3
Connecticut,13.0,,,1.4,2.5,1.2,Q3,CT,2018,3200.0,3200.0,130.0,4.0,80.0,310.0,10.0,2018Q3
Florida,35.0,20.5,4.2,7.6,14.3,9.8,Q3,FL,2018,197000.0,220000.0,30000.0,14.0,53000.0,40000.0,18.0,2018Q3
Georgia,49.8,20.4,2.4,27.7,6.0,7.2,Q3,GA,2018,134000.0,138000.0,17000.0,12.0,27000.0,33000.0,24.0,2018Q3
Hawaii,88.3,89.4,0.1,0.1,0.1,,Q3,HI,2018,16500.0,16500.0,1800.0,11.0,1700.0,3000.0,18.0,2018Q3
Idaho,83.6,5.4,14.6,26.5,13.8,5.7,Q3,ID,2018,82000.0,101000.0,14000.0,14.0,15000.0,21000.0,21.0,2018Q3
Illinois,21.2,10.6,2.1,5.1,1.5,7.0,Q3,IL,2018,11000.0,11000.0,660.0,6.0,700.0,420.0,4.0,2018Q3
Indiana,29.5,12.2,1.4,20.6,5.0,0.5,Q3,IN,2018,11500.0,11500.0,990.0,9.0,520.0,1200.0,10.0,2018Q3
Iowa,29.9,9.8,8.5,0.4,1.9,0.4,Q3,IA,2018,56000.0,57000.0,3600.0,6.0,1200.0,990.0,2.0,2018Q3
Kansas,76.8,51.1,6.6,8.0,23.7,7.9,Q3,KS,2018,6000.0,6000.0,950.0,16.0,300.0,180.0,3.0,2018Q3
Kentucky,47.1,26.5,1.6,1.5,4.5,7.6,Q3,KY,2018,6500.0,7000.0,840.0,12.0,300.0,660.0,9.0,2018Q3
Louisiana,31.3,29.9,0.2,1.7,1.0,1.6,Q3,LA,2018,53000.0,53000.0,1900.0,4.0,1600.0,2300.0,4.0,2018Q3
Maine,37.0,1.0,1.1,,3.5,0.5,Q3,ME,2018,12500.0,12500.0,890.0,7.0,60.0,170.0,1.0,2018Q3
Maryland,11.7,6.0,0.3,0.6,1.1,3.8,Q3,MD,2018,7500.0,7500.0,360.0,5.0,580.0,680.0,9.0,2018Q3
Massachusetts,75.9,11.2,10.7,10.1,1.1,10.3,Q3,MA,2018,8000.0,10000.0,2200.0,22.0,850.0,730.0,7.0,2018Q3
Michigan,92.4,13.8,1.1,23.8,19.5,18.6,Q3,MI,2018,88000.0,88000.0,8000.0,9.0,3000.0,22000.0,25.0,2018Q3
Minnesota,44.5,12.4,6.0,28.4,9.3,8.1,Q3,MN,2018,121000.0,127000.0,29000.0,23.0,1600.0,6500.0,5.0,2018Q3
Mississippi,25.2,8.6,0.0,0.5,7.5,7.2,Q3,MS,2018,16500.0,16500.0,2900.0,18.0,110.0,650.0,4.0,2018Q3
Missouri,18.2,16.9,1.2,1.2,7.5,1.1,Q3,MO,2018,10000.0,10000.0,540.0,5.0,260.0,410.0,4.0,2018Q3
Montana,43.8,18.5,18.0,6.8,21.8,2.7,Q3,MT,2018,145000.0,153000.0,18500.0,12.0,3100.0,22000.0,14.0,2018Q3
Nebraska,24.1,3.2,5.9,6.5,4.3,4.0,Q3,NE,2018,52000.0,54000.0,6500.0,12.0,8500.0,5000.0,9.0,2018Q3
New Jersey,12.3,5.1,0.2,0.1,1.0,0.4,Q3,NJ,2018,14000.0,14000.0,320.0,2.0,250.0,220.0,2.0,2018Q3
New Mexico,,,,12.3,0.4,0.2,Q3,NM,2018,6000.0,7000.0,1200.0,17.0,3800.0,1000.0,14.0,2018Q3
New York,40.7,20.6,18.6,24.4,22.9,10.2,Q3,NY,2018,55000.0,56000.0,3900.0,7.0,3600.0,3700.0,7.0,2018Q3
North Carolina,66.0,17.9,11.4,8.4,11.4,3.1,Q3,NC,2018,18000.0,18000.0,2200.0,12.0,2600.0,2000.0,11.0,2018Q3
North Dakota,52.6,11.5,9.6,10.4,10.9,1.2,Q3,ND,2018,455000.0,490000.0,59000.0,12.0,23000.0,14500.0,3.0,2018Q3
Ohio,58.9,40.9,2.6,1.3,11.9,1.2,Q3,OH,2018,16000.0,16000.0,1300.0,8.0,1300.0,2100.0,13.0,2018Q3
Oklahoma,59.6,51.1,0.1,23.5,17.2,23.4,Q3,OK,2018,2100.0,2100.0,370.0,18.0,20.0,10.0,0.0,2018Q3
Oregon,57.2,2.8,7.0,45.1,10.7,0.8,Q3,OR,2018,116000.0,117000.0,13000.0,11.0,3000.0,49000.0,42.0,2018Q3
Pennsylvania,23.5,8.1,1.9,1.6,1.7,2.6,Q3,PA,2018,20000.0,21000.0,860.0,4.0,2900.0,2300.0,11.0,2018Q3
South Carolina,76.8,53.4,0.7,32.4,7.6,0.9,Q3,SC,2018,9500.0,11500.0,1400.0,12.0,670.0,1100.0,10.0,2018Q3
South Dakota,54.7,32.9,3.3,8.5,45.0,1.6,Q3,SD,2018,168000.0,197000.0,22000.0,11.0,8000.0,6500.0,3.0,2018Q3
Tennessee,70.6,53.2,0.7,13.2,5.6,2.1,Q3,TN,2018,9000.0,9000.0,900.0,10.0,540.0,1000.0,11.0,2018Q3
Texas,18.8,4.4,0.4,6.2,2.8,0.9,Q3,TX,2018,112000.0,124000.0,7500.0,6.0,7500.0,9500.0,8.0,2018Q3
Utah,34.0,15.5,0.1,0.2,1.0,0.7,Q3,UT,2018,30000.0,30000.0,4400.0,15.0,970.0,1400.0,5.0,2018Q3
Vermont,29.3,4.9,4.3,24.1,0.3,,Q3,VT,2018,7000.0,7000.0,90.0,1.0,1200.0,80.0,1.0,2018Q3
Virginia,39.0,28.5,2.6,7.7,11.6,1.7,Q3,VA,2018,7500.0,7500.0,610.0,8.0,1000.0,990.0,13.0,2018Q3
Washington,7.1,0.6,0.6,2.7,9.9,2.8,Q3,WA,2018,76000.0,84000.0,12000.0,14.0,7000.0,3600.0,4.0,2018Q3
West Virginia,57.0,52.6,0.3,0.3,6.8,2.1,Q3,WV,2018,7500.0,8000.0,520.0,7.0,170.0,1200.0,15.0,2018Q3
Wisconsin,54.4,32.7,2.6,19.5,6.1,4.3,Q3,WI,2018,61000.0,69000.0,10000.0,14.0,2400.0,3800.0,6.0,2018Q3
Alabama,20.6,20.5,1.3,1.5,3.4,7.5,Q4,AL,2018,6500.0,6500.0,830.0,13.0,210.0,1300.0,20.0,2018Q4
Arizona,20.6,8.3,3.1,0.0,7.1,3.0,Q4,AZ,2018,26000.0,27000.0,5000.0,19.0,2200.0,330.0,1.0,2018Q4
Arkansas,82.8,7.1,,73.5,5.3,2.2,Q4,AR,2018,30000.0,31000.0,6000.0,19.0,110.0,230.0,1.0,2018Q4
California,44.1,16.6,9.8,11.6,9.3,7.1,Q4,CA,2018,680000.0,1200000.0,170000.0,14.0,86000.0,46000.0,4.0,2018Q4
Colorado,73.2,5.9,1.0,0.0,6.1,1.2,Q4,CO,2018,30000.0,30000.0,3500.0,12.0,370.0,10.0,0.0,2018Q4
Connecticut,12.5,3.6,2.3,0.9,4.2,2.3,Q4,CT,2018,3500.0,3500.0,220.0,6.0,,60.0,2.0,2018Q4
Florida,46.7,22.4,9.0,14.1,8.0,6.7,Q4,FL,2018,240000.0,290000.0,43000.0,15.0,53000.0,20000.0,7.0,2018Q4
Georgia,41.4,17.4,9.2,6.9,5.6,7.8,Q4,GA,2018,148000.0,164000.0,19500.0,12.0,6500.0,49000.0,30.0,2018Q4
Hawaii,70.5,83.3,0.0,,0.1,,Q4,HI,2018,16000.0,16000.0,940.0,6.0,1700.0,6000.0,38.0,2018Q4
Idaho,64.9,47.4,9.6,15.9,7.0,4.5,Q4,ID,2018,99000.0,159000.0,15000.0,9.0,9000.0,910.0,1.0,2018Q4
Illinois,27.2,13.1,2.4,2.8,6.9,5.7,Q4,IL,2018,12000.0,12000.0,1400.0,12.0,600.0,350.0,3.0,2018Q4
Indiana,51.3,21.3,23.8,64.6,35.4,2.3,Q4,IN,2018,9000.0,9000.0,3300.0,37.0,40.0,1200.0,13.0,2018Q4
Iowa,55.1,27.2,8.9,31.6,29.4,5.6,Q4,IA,2018,21000.0,21000.0,4200.0,20.0,630.0,80.0,0.0,2018Q4
Kansas,62.0,31.3,26.0,43.7,1.6,26.4,Q4,KS,2018,5500.0,5500.0,1000.0,18.0,420.0,10.0,0.0,2018Q4
Kentucky,57.1,41.9,1.2,6.8,5.5,4.3,Q4,KY,2018,7000.0,7000.0,2000.0,29.0,60.0,430.0,6.0,2018Q4
Louisiana,16.6,6.7,0.3,5.9,1.0,1.7,Q4,LA,2018,50000.0,52000.0,2600.0,5.0,130.0,200.0,0.0,2018Q4
Maine,9.3,5.1,0.0,,1.2,0.1,Q4,ME,2018,12000.0,12000.0,1400.0,12.0,210.0,880.0,7.0,2018Q4
Maryland,16.6,5.3,0.3,1.2,4.9,1.7,Q4,MD,2018,7000.0,9000.0,690.0,8.0,60.0,90.0,1.0,2018Q4
Massachusetts,33.2,9.2,8.1,9.4,3.4,5.3,Q4,MA,2018,4900.0,4900.0,650.0,13.0,110.0,320.0,7.0,2018Q4
Michigan,52.0,31.2,15.6,15.1,2.4,6.6,Q4,MI,2018,77000.0,77000.0,6000.0,8.0,3900.0,1800.0,2.0,2018Q4
Minnesota,28.4,5.2,4.2,7.9,3.8,2.4,Q4,MN,2018,84000.0,86000.0,11500.0,13.0,2500.0,590.0,1.0,2018Q4
Mississippi,26.5,6.7,0.2,0.5,3.0,4.5,Q4,MS,2018,14500.0,25000.0,2000.0,8.0,330.0,50.0,0.0,2018Q4
Missouri,37.0,10.0,1.1,2.3,1.9,4.1,Q4,MO,2018,10000.0,10000.0,880.0,9.0,170.0,150.0,2.0,2018Q4
Montana,40.7,13.0,5.6,17.5,2.9,0.0,Q4,MT,2018,98000.0,102000.0,5500.0,5.0,3100.0,500.0,0.0,2018Q4
Nebraska,3.0,0.7,0.7,0.3,2.9,1.0,Q4,NE,2018,45000.0,45000.0,5000.0,11.0,7000.0,840.0,2.0,2018Q4
New Jersey,14.0,3.2,0.1,,5.4,0.3,Q4,NJ,2018,15500.0,15500.0,1300.0,8.0,30.0,80.0,1.0,2018Q4
New Mexico,81.3,0.8,3.7,0.1,8.0,1.2,Q4,NM,2018,8000.0,8000.0,3000.0,38.0,50.0,,,2018Q4
New York,26.0,4.5,7.8,2.4,7.8,0.7,Q4,NY,2018,53000.0,53000.0,4400.0,8.0,1000.0,1500.0,3.0,2018Q4
North Carolina,53.0,10.4,3.8,2.0,11.1,5.2,Q4,NC,2018,16000.0,16000.0,2700.0,17.0,250.0,300.0,2.0,2018Q4
North Dakota,29.5,9.4,8.1,10.6,4.3,4.6,Q4,ND,2018,430000.0,435000.0,29000.0,7.0,7500.0,1500.0,0.0,2018Q4
Ohio,29.3,5.8,0.1,8.1,2.4,9.9,Q4,OH,2018,15500.0,15500.0,2100.0,14.0,170.0,450.0,3.0,2018Q4
Oklahoma,13.1,0.4,0.0,,0.0,0.3,Q4,OK,2018,2200.0,57000.0,2500.0,4.0,60.0,20.0,0.0,2018Q4
Oregon,44.1,4.6,16.0,14.8,0.9,0.2,Q4,OR,2018,89000.0,101000.0,13000.0,13.0,10500.0,12000.0,12.0,2018Q4
Pennsylvania,26.9,10.7,6.7,13.0,7.8,5.4,Q4,PA,2018,21000.0,21000.0,4000.0,19.0,270.0,1500.0,7.0,2018Q4
South Carolina,32.2,16.1,0.3,1.4,1.3,5.5,Q4,SC,2018,10000.0,12500.0,1500.0,12.0,770.0,790.0,6.0,2018Q4
South Dakota,12.8,1.3,7.0,1.6,2.1,2.5,Q4,SD,2018,140000.0,140000.0,21000.0,15.0,2000.0,430.0,0.0,2018Q4
Tennessee,49.8,20.8,1.9,11.4,9.1,5.1,Q4,TN,2018,8000.0,8500.0,1900.0,22.0,30.0,370.0,4.0,2018Q4
Texas,18.6,18.5,5.5,3.0,6.2,3.7,Q4,TX,2018,116000.0,260000.0,17000.0,7.0,11000.0,70.0,0.0,2018Q4
Utah,48.0,9.8,5.5,8.0,6.5,4.9,Q4,UT,2018,27000.0,27000.0,3400.0,13.0,180.0,400.0,1.0,2018Q4
Vermont,6.2,1.3,,,0.8,0.7,Q4,VT,2018,6500.0,6500.0,170.0,3.0,10.0,20.0,0.0,2018Q4
Virginia,57.1,38.4,12.1,13.1,5.8,2.8,Q4,VA,2018,7000.0,7000.0,1100.0,16.0,80.0,1300.0,19.0,2018Q4
Washington,34.5,0.5,11.7,4.9,3.3,1.3,Q4,WA,2018,75000.0,81000.0,11000.0,14.0,5500.0,1400.0,2.0,2018Q4
West Virginia,29.5,15.2,0.6,7.2,4.2,6.8,Q4,WV,2018,7000.0,7000.0,1200.0,17.0,50.0,70.0,1.0,2018Q4
Wisconsin,29.9,28.3,1.5,24.5,7.6,5.2,Q4,WI,2018,48000.0,48000.0,8500.0,18.0,1600.0,530.0,1.0,2018Q4
Alabama,27.2,22.7,1.8,0.3,3.1,9.0,Q1,AL,2019,5500.0,5500.0,650.0,12.0,800.0,200.0,4.0,2019Q1
Arizona,25.8,7.9,6.5,16.2,8.4,0.2,Q1,AZ,2019,22000.0,22000.0,2500.0,11.0,430.0,90.0,0.0,2019Q1
Arkansas,19.5,1.5,3.3,55.3,0.7,2.9,Q1,AR,2019,28000.0,28000.0,6500.0,23.0,20.0,20.0,0.0,2019Q1
California,43.5,13.4,6.4,12.3,8.7,5.6,Q1,CA,2019,1140000.0,1580000.0,235000.0,15.0,83000.0,86000.0,5.0,2019Q1
Colorado,11.2,0.3,,,2.5,0.6,Q1,CO,2019,5000.0,7500.0,320.0,4.0,,,,2019Q1
Connecticut,10.1,1.3,,,3.6,1.7,Q1,CT,2019,3100.0,3100.0,270.0,9.0,170.0,10.0,0.0,2019Q1
Florida,46.9,24.8,5.5,22.9,7.4,5.5,Q1,FL,2019,300000.0,315000.0,46000.0,15.0,41000.0,16500.0,5.0,2019Q1
Georgia,69.6,17.8,7.4,9.6,10.6,4.9,Q1,GA,2019,120000.0,129000.0,14500.0,11.0,19500.0,8000.0,6.0,2019Q1
Hawaii,72.1,64.9,0.1,0.7,2.9,,Q1,HI,2019,16500.0,16500.0,390.0,2.0,660.0,3700.0,22.0,2019Q1
Idaho,24.5,8.0,8.0,9.2,8.6,0.0,Q1,ID,2019,132000.0,145000.0,12500.0,9.0,4600.0,1100.0,1.0,2019Q1
Illinois,33.3,14.7,3.1,0.7,15.5,10.1,Q1,IL,2019,9000.0,9000.0,2300.0,26.0,210.0,80.0,1.0,2019Q1
Indiana,15.6,8.8,2.6,5.5,7.1,1.7,Q1,IN,2019,6000.0,6000.0,710.0,12.0,440.0,280.0,5.0,2019Q1
Iowa,34.8,1.7,0.6,0.3,7.7,3.5,Q1,IA,2019,7500.0,11500.0,1600.0,14.0,170.0,140.0,1.0,2019Q1
Kansas,86.9,7.8,2.5,12.2,21.6,4.0,Q1,KS,2019,4500.0,4500.0,1500.0,33.0,370.0,110.0,2.0,2019Q1
Kentucky,21.6,12.9,0.1,5.3,10.7,4.6,Q1,KY,2019,3700.0,4400.0,890.0,20.0,60.0,30.0,1.0,2019Q1
Louisiana,57.8,1.3,0.1,0.3,1.0,0.7,Q1,LA,2019,49000.0,51000.0,3500.0,7.0,9000.0,16000.0,31.0,2019Q1
Maine,2.3,0.1,,,1.4,0.8,Q1,ME,2019,7000.0,7000.0,470.0,7.0,10.0,30.0,0.0,2019Q1
Maryland,12.6,5.1,0.2,0.0,10.1,2.4,Q1,MD,2019,8000.0,8000.0,2300.0,29.0,30.0,10.0,0.0,2019Q1
Massachusetts,10.3,,,4.3,6.3,0.9,Q1,MA,2019,3800.0,3800.0,680.0,18.0,60.0,20.0,1.0,2019Q1
Michigan,18.2,5.8,1.5,0.2,12.2,0.7,Q1,MI,2019,24000.0,33000.0,6500.0,20.0,,,,2019Q1
Minnesota,1.3,0.2,1.9,,2.0,0.8,Q1,MN,2019,17000.0,43000.0,2200.0,5.0,80.0,470.0,1.0,2019Q1
Mississippi,14.6,71.0,64.8,48.4,1.9,5.5,Q1,MS,2019,26000.0,29000.0,2400.0,8.0,3800.0,1700.0,6.0,2019Q1
Missouri,5.4,2.3,1.9,0.5,5.4,3.2,Q1,MO,2019,8500.0,8500.0,1100.0,13.0,80.0,60.0,1.0,2019Q1
Montana,15.1,0.0,,0.8,0.8,1.1,Q1,MT,2019,37000.0,68000.0,3500.0,5.0,1700.0,1900.0,3.0,2019Q1
Nebraska,32.3,1.3,32.0,0.8,2.2,0.1,Q1,NE,2019,13500.0,16500.0,2500.0,15.0,,,,2019Q1
New Jersey,15.3,4.4,,,3.5,0.6,Q1,NJ,2019,6000.0,6000.0,310.0,5.0,130.0,60.0,1.0,2019Q1
New Mexico,3.5,1.1,0.6,,1.4,0.3,Q1,NM,2019,4800.0,4800.0,170.0,4.0,,,,2019Q1
New York,10.6,2.5,1.7,1.7,7.7,9.0,Q1,NY,2019,24000.0,24000.0,3400.0,14.0,110.0,80.0,0.0,2019Q1
North Carolina,16.4,2.0,0.2,0.7,2.2,3.4,Q1,NC,2019,10500.0,14500.0,1700.0,12.0,750.0,890.0,6.0,2019Q1
North Dakota,6.9,,,6.5,0.4,1.3,Q1,ND,2019,92000.0,102000.0,1100.0,1.0,,1300.0,1.0,2019Q1
Ohio,49.3,9.9,11.1,1.1,6.7,3.1,Q1,OH,2019,10500.0,12500.0,3500.0,28.0,1700.0,440.0,4.0,2019Q1
Oklahoma,7.7,0.3,,,0.0,0.0,Q1,OK,2019,21000.0,55000.0,50.0,0.0,20.0,,,2019Q1
Oregon,18.0,0.1,0.2,0.2,2.7,0.5,Q1,OR,2019,89000.0,95000.0,7500.0,8.0,8000.0,1800.0,2.0,2019Q1
Pennsylvania,15.3,4.6,3.7,4.0,7.5,9.5,Q1,PA,2019,15000.0,15000.0,2900.0,19.0,370.0,320.0,2.0,2019Q1
South Carolina,18.5,14.5,0.0,1.7,12.4,1.0,Q1,SC,2019,12000.0,13000.0,690.0,5.0,2000.0,340.0,3.0,2019Q1
South Dakota,0.8,0.0,,2.5,0.8,2.2,Q1,SD,2019,18500.0,18500.0,1100.0,6.0,,,,2019Q1
Tennessee,62.8,23.6,5.1,0.9,7.7,7.1,Q1,TN,2019,6000.0,7000.0,1500.0,21.0,240.0,320.0,5.0,2019Q1
Texas,26.1,6.5,5.3,8.3,6.9,3.0,Q1,TX,2019,260000.0,330000.0,17000.0,5.0,61000.0,35000.0,11.0,2019Q1
Utah,22.9,,0.1,,0.3,8.8,Q1,UT,2019,8500.0,11000.0,1800.0,16.0,900.0,,,2019Q1
Vermont,6.2,0.1,2.4,,0.2,1.2,Q1,VT,2019,6500.0,6500.0,260.0,4.0,50.0,0.0,0.0,2019Q1
Virginia,16.6,12.8,0.8,0.3,3.9,9.3,Q1,VA,2019,5500.0,5500.0,1100.0,20.0,80.0,110.0,2.0,2019Q1
Washington,22.3,0.8,0.6,0.3,0.8,0.2,Q1,WA,2019,51000.0,75000.0,7000.0,9.0,5500.0,2200.0,3.0,2019Q1
West Virginia,10.3,3.2,1.1,0.2,5.0,1.3,Q1,WV,2019,5000.0,7000.0,1300.0,19.0,20.0,60.0,1.0,2019Q1
Wisconsin,15.9,3.2,0.7,1.1,13.8,5.0,Q1,WI,2019,16500.0,17000.0,3700.0,22.0,580.0,100.0,1.0,2019Q1
Alabama,,,,,,,Q2,AL,2019,,,,,,,,2019Q2
Arizona,,,,,,,Q2,AZ,2019,,,,,,,,2019Q2
Arkansas,,,,,,,Q2,AR,2019,,,,,,,,2019Q2
California,,,,,,,Q2,CA,2019,,,,,,,,2019Q2
Colorado,,,,,,,Q2,CO,2019,,,,,,,,2019Q2
Connecticut,,,,,,,Q2,CT,2019,,,,,,,,2019Q2
Florida,,,,,,,Q2,FL,2019,,,,,,,,2019Q2
Georgia,,,,,,,Q2,GA,2019,,,,,,,,2019Q2
Hawaii,,,,,,,Q2,HI,2019,,,,,,,,2019Q2
Idaho,,,,,,,Q2,ID,2019,,,,,,,,2019Q2
Illinois,,,,,,,Q2,IL,2019,,,,,,,,2019Q2
Indiana,,,,,,,Q2,IN,2019,,,,,,,,2019Q2
Iowa,,,,,,,Q2,IA,2019,,,,,,,,2019Q2
Kansas,,,,,,,Q2,KS,2019,,,,,,,,2019Q2
Kentucky,,,,,,,Q2,KY,2019,,,,,,,,2019Q2
Louisiana,,,,,,,Q2,LA,2019,,,,,,,,2019Q2
Maine,,,,,,,Q2,ME,2019,,,,,,,,2019Q2
Maryland,,,,,,,Q2,MD,2019,,,,,,,,2019Q2
Massachusetts,,,,,,,Q2,MA,2019,,,,,,,,2019Q2
Michigan,,,,,,,Q2,MI,2019,,,,,,,,2019Q2
Minnesota,,,,,,,Q2,MN,2019,,,,,,,,2019Q2
Mississippi,,,,,,,Q2,MS,2019,,,,,,,,2019Q2
Missouri,,,,,,,Q2,MO,2019,,,,,,,,2019Q2
Montana,,,,,,,Q2,MT,2019,,,,,,,,2019Q2
Nebraska,,,,,,,Q2,NE,2019,,,,,,,,2019Q2
New Jersey,,,,,,,Q2,NJ,2019,,,,,,,,2019Q2
New Mexico,,,,,,,Q2,NM,2019,,,,,,,,2019Q2
New York,,,,,,,Q2,NY,2019,,,,,,,,2019Q2
North Carolina,,,,,,,Q2,NC,2019,,,,,,,,2019Q2
North Dakota,,,,,,,Q2,ND,2019,,,,,,,,2019Q2
Ohio,,,,,,,Q2,OH,2019,,,,,,,,2019Q2
Oklahoma,,,,,,,Q2,OK,2019,,,,,,,,2019Q2
Oregon,,,,,,,Q2,OR,2019,,,,,,,,2019Q2
Pennsylvania,,,,,,,Q2,PA,2019,,,,,,,,2019Q2
South Carolina,,,,,,,Q2,SC,2019,,,,,,,,2019Q2
South Dakota,,,,,,,Q2,SD,2019,,,,,,,,2019Q2
Tennessee,,,,,,,Q2,TN,2019,,,,,,,,2019Q2
Texas,,,,,,,Q2,TX,2019,,,,,,,,2019Q2
Utah,,,,,,,Q2,UT,2019,,,,,,,,2019Q2
Vermont,,,,,,,Q2,VT,2019,,,,,,,,2019Q2
Virginia,,,,,,,Q2,VA,2019,,,,,,,,2019Q2
Washington,,,,,,,Q2,WA,2019,,,,,,,,2019Q2
West Virginia,,,,,,,Q2,WV,2019,,,,,,,,2019Q2
Wisconsin,,,,,,,Q2,WI,2019,,,,,,,,2019Q2
Alabama,30.6,24.6,2.9,0.2,9.7,6.4,Q3,AL,2019,7000.0,7000.0,990.0,14.0,160.0,330.0,5.0,2019Q3
Arizona,29.0,9.9,2.7,11.4,13.2,0.6,Q3,AZ,2019,26000.0,30000.0,2000.0,7.0,5500.0,3800.0,13.0,2019Q3
Arkansas,53.2,19.7,6.8,50.5,6.9,39.3,Q3,AR,2019,20000.0,21000.0,2100.0,10.0,170.0,680.0,3.0,2019Q3
California,49.0,11.5,8.7,16.0,11.1,3.2,Q3,CA,2019,650000.0,700000.0,93000.0,13.0,87000.0,108000.0,15.0,2019Q3
Colorado,79.8,12.5,4.8,10.2,9.4,1.0,Q3,CO,2019,33000.0,36000.0,9500.0,26.0,2200.0,3400.0,9.0,2019Q3
Connecticut,24.3,6.9,2.4,,3.9,0.5,Q3,CT,2019,4400.0,4400.0,200.0,5.0,70.0,470.0,11.0,2019Q3
Florida,44.9,20.7,6.3,18.2,11.7,10.8,Q3,FL,2019,210000.0,240000.0,20000.0,8.0,46000.0,33000.0,14.0,2019Q3
Georgia,52.5,18.6,1.6,25.8,17.1,4.6,Q3,GA,2019,116000.0,118000.0,13000.0,11.0,12000.0,36000.0,31.0,2019Q3
Hawaii,37.2,39.0,0.3,,1.3,0.2,Q3,HI,2019,17000.0,17000.0,200.0,1.0,200.0,6000.0,35.0,2019Q3
Idaho,59.9,15.4,21.7,9.9,18.5,0.8,Q3,ID,2019,95000.0,111000.0,10500.0,9.0,8500.0,12500.0,11.0,2019Q3
Illinois,35.9,8.3,0.7,2.5,5.5,11.5,Q3,IL,2019,13500.0,13500.0,940.0,7.0,460.0,1300.0,10.0,2019Q3
Indiana,55.7,15.2,3.0,23.1,19.2,1.4,Q3,IN,2019,14000.0,16000.0,1000.0,6.0,2200.0,1500.0,9.0,2019Q3
Iowa,39.4,7.1,5.8,26.3,27.8,3.6,Q3,IA,2019,30000.0,33000.0,3400.0,10.0,2000.0,4800.0,15.0,2019Q3
Kansas,67.5,33.8,21.8,23.9,1.2,0.5,Q3,KS,2019,7500.0,7500.0,1900.0,25.0,190.0,400.0,5.0,2019Q3
Kentucky,29.2,17.6,0.4,5.2,7.9,8.6,Q3,KY,2019,8000.0,8500.0,850.0,10.0,700.0,430.0,5.0,2019Q3
Louisiana,67.1,66.8,0.4,57.0,2.5,2.7,Q3,LA,2019,42000.0,44000.0,4100.0,9.0,4400.0,13000.0,30.0,2019Q3
Maine,10.1,0.7,0.1,,0.2,0.1,Q3,ME,2019,11500.0,12000.0,1100.0,9.0,460.0,3500.0,29.0,2019Q3
Maryland,26.7,2.7,,0.3,5.1,1.4,Q3,MD,2019,7500.0,7500.0,790.0,11.0,720.0,1200.0,16.0,2019Q3
Massachusetts,13.0,2.9,0.2,0.0,0.7,7.3,Q3,MA,2019,13500.0,13500.0,1100.0,8.0,800.0,560.0,4.0,2019Q3
Michigan,42.7,16.4,8.7,7.3,2.1,1.5,Q3,MI,2019,94000.0,99000.0,11000.0,11.0,3000.0,3300.0,3.0,2019Q3
Minnesota,54.9,8.2,4.0,13.4,6.6,2.1,Q3,MN,2019,126000.0,129000.0,21000.0,16.0,5000.0,2100.0,2.0,2019Q3
Mississippi,59.1,45.6,2.4,25.4,4.0,5.1,Q3,MS,2019,23000.0,23000.0,2900.0,13.0,550.0,850.0,4.0,2019Q3
Missouri,18.4,7.1,0.4,0.8,2.1,0.6,Q3,MO,2019,10500.0,10500.0,500.0,5.0,260.0,350.0,3.0,2019Q3
Montana,28.0,10.0,10.6,6.1,4.1,1.0,Q3,MT,2019,147000.0,154000.0,18500.0,12.0,3600.0,12500.0,8.0,2019Q3
Nebraska,29.2,2.7,1.8,2.8,7.2,1.9,Q3,NE,2019,40000.0,41000.0,3700.0,9.0,680.0,1400.0,3.0,2019Q3
New Jersey,26.1,2.3,0.3,0.2,0.5,0.1,Q3,NJ,2019,16000.0,16000.0,680.0,4.0,650.0,3100.0,19.0,2019Q3
New Mexico,39.5,29.1,0.9,,0.8,,Q3,NM,2019,2400.0,5500.0,170.0,3.0,1000.0,550.0,10.0,2019Q3
New York,30.7,11.5,1.2,8.2,2.5,3.8,Q3,NY,2019,65000.0,69000.0,8500.0,12.0,3200.0,3700.0,5.0,2019Q3
North Carolina,26.9,11.3,19.7,4.0,9.7,5.7,Q3,NC,2019,22000.0,22000.0,2700.0,12.0,1800.0,5000.0,23.0,2019Q3
North Dakota,48.4,10.2,14.7,9.0,23.7,9.3,Q3,ND,2019,530000.0,530000.0,81000.0,15.0,15000.0,17500.0,3.0,2019Q3
Ohio,40.6,23.0,4.2,1.8,5.9,3.9,Q3,OH,2019,19500.0,19500.0,1600.0,8.0,2800.0,3000.0,15.0,2019Q3
Oklahoma,29.0,1.4,0.1,0.1,4.1,4.4,Q3,OK,2019,7500.0,7500.0,930.0,12.0,130.0,1100.0,15.0,2019Q3
Oregon,35.4,12.8,19.8,15.1,16.6,0.4,Q3,OR,2019,83000.0,118000.0,8000.0,7.0,6000.0,21000.0,18.0,2019Q3
Pennsylvania,23.4,8.8,1.8,5.0,1.5,5.6,Q3,PA,2019,19000.0,20000.0,980.0,5.0,1800.0,1900.0,10.0,2019Q3
South Carolina,44.9,11.6,0.6,16.2,19.6,3.7,Q3,SC,2019,14500.0,14500.0,2200.0,15.0,2000.0,1400.0,10.0,2019Q3
South Dakota,10.4,3.5,0.3,14.0,4.0,1.5,Q3,SD,2019,255000.0,255000.0,51000.0,20.0,1300.0,8000.0,3.0,2019Q3
Tennessee,51.4,23.3,0.2,9.1,11.5,1.5,Q3,TN,2019,14000.0,14000.0,4500.0,32.0,2200.0,2200.0,16.0,2019Q3
Texas,21.9,18.3,4.4,11.5,7.2,2.1,Q3,TX,2019,126000.0,133000.0,11000.0,8.0,6500.0,7000.0,5.0,2019Q3
Utah,29.4,4.9,5.5,0.2,0.6,4.6,Q3,UT,2019,24000.0,29000.0,2800.0,10.0,3500.0,1700.0,6.0,2019Q3
Vermont,22.2,4.3,0.7,,0.5,0.1,Q3,VT,2019,7000.0,7000.0,120.0,2.0,80.0,490.0,7.0,2019Q3
Virginia,37.9,18.3,0.9,1.3,2.7,3.1,Q3,VA,2019,9000.0,9000.0,570.0,6.0,350.0,820.0,9.0,2019Q3
Washington,47.3,0.9,2.5,4.6,9.4,0.3,Q3,WA,2019,85000.0,97000.0,21000.0,22.0,12000.0,10000.0,10.0,2019Q3
West Virginia,33.7,10.7,0.7,2.7,6.9,0.3,Q3,WV,2019,10000.0,10000.0,1100.0,11.0,200.0,1100.0,11.0,2019Q3
Wisconsin,46.4,20.5,13.9,18.1,6.5,3.9,Q3,WI,2019,63000.0,63000.0,6500.0,10.0,2400.0,10000.0,16.0,2019Q3
Alabama,46.7,26.7,0.6,4.9,9.0,11.3,Q4,AL,2019,6000.0,6000.0,660.0,11.0,240.0,70.0,1.0,2019Q4
Arizona,53.9,1.5,0.4,23.3,4.0,2.9,Q4,AZ,2019,34000.0,36000.0,7000.0,19.0,300.0,300.0,1.0,2019Q4
Arkansas,47.7,39.7,1.4,7.8,12.5,32.8,Q4,AR,2019,19000.0,19500.0,1600.0,8.0,430.0,310.0,2.0,2019Q4
California,40.5,10.9,5.2,11.3,8.0,5.0,Q4,CA,2019,700000.0,1300000.0,136000.0,10.0,160000.0,37000.0,3.0,2019Q4
Colorado,67.7,1.5,,15.3,2.6,0.8,Q4,CO,2019,27000.0,27000.0,8000.0,30.0,1100.0,440.0,2.0,2019Q4
Connecticut,22.2,11.1,2.4,,1.7,1.6,Q4,CT,2019,3800.0,4000.0,300.0,8.0,10.0,50.0,1.0,2019Q4
Florida,43.5,25.6,7.8,11.7,7.8,4.8,Q4,FL,2019,270000.0,300000.0,30000.0,10.0,28000.0,15000.0,5.0,2019Q4
Georgia,34.3,18.2,5.6,9.1,2.6,4.4,Q4,GA,2019,119000.0,131000.0,20000.0,15.0,10500.0,10500.0,8.0,2019Q4
Hawaii,44.0,61.8,0.2,1.0,0.1,,Q4,HI,2019,17000.0,17000.0,1300.0,8.0,300.0,50.0,0.0,2019Q4
Idaho,20.3,4.3,5.4,10.5,9.9,1.1,Q4,ID,2019,111000.0,196000.0,15500.0,8.0,1800.0,1000.0,1.0,2019Q4
Illinois,28.9,27.3,1.1,3.4,8.9,8.9,Q4,IL,2019,13000.0,13000.0,1700.0,13.0,1000.0,1500.0,12.0,2019Q4
Indiana,20.7,15.0,2.6,6.7,1.6,0.6,Q4,IN,2019,17500.0,17500.0,1300.0,7.0,160.0,180.0,1.0,2019Q4
Iowa,61.0,17.8,5.6,25.2,19.7,4.2,Q4,IA,2019,32000.0,32000.0,7500.0,23.0,1500.0,530.0,2.0,2019Q4
Kansas,65.8,15.0,11.9,43.4,0.4,14.4,Q4,KS,2019,4800.0,4900.0,650.0,13.0,190.0,460.0,9.0,2019Q4
Kentucky,33.0,20.1,0.2,5.3,12.0,9.9,Q4,KY,2019,8500.0,8500.0,410.0,5.0,190.0,170.0,2.0,2019Q4
Louisiana,33.0,18.5,3.5,0.7,6.1,0.9,Q4,LA,2019,41000.0,46000.0,2300.0,5.0,70.0,80.0,0.0,2019Q4
Maine,20.5,,0.1,2.5,0.3,0.2,Q4,ME,2019,11500.0,11500.0,770.0,7.0,110.0,40.0,0.0,2019Q4
Maryland,12.6,4.5,1.8,,0.3,5.0,Q4,MD,2019,6500.0,8000.0,1100.0,14.0,390.0,420.0,5.0,2019Q4
Massachusetts,7.6,0.2,0.8,,1.1,10.7,Q4,MA,2019,5000.0,5000.0,1200.0,24.0,60.0,130.0,3.0,2019Q4
Michigan,37.0,9.7,9.2,8.3,1.1,3.8,Q4,MI,2019,84000.0,84000.0,6500.0,8.0,820.0,1500.0,2.0,2019Q4
Minnesota,37.3,7.8,1.2,6.1,1.8,4.0,Q4,MN,2019,97000.0,97000.0,15500.0,16.0,3400.0,60.0,0.0,2019Q4
Mississippi,41.0,38.0,4.1,13.9,10.5,5.2,Q4,MS,2019,21000.0,29000.0,3400.0,12.0,350.0,50.0,0.0,2019Q4
Missouri,19.2,5.9,0.2,0.1,1.5,0.4,Q4,MO,2019,9000.0,10000.0,1500.0,15.0,260.0,10.0,0.0,2019Q4
Montana,15.7,1.8,0.0,0.8,2.8,0.3,Q4,MT,2019,71000.0,79000.0,7000.0,9.0,770.0,4000.0,5.0,2019Q4
Nebraska,5.8,1.0,,3.5,2.8,6.4,Q4,NE,2019,37000.0,38000.0,2700.0,7.0,320.0,10.0,0.0,2019Q4
New Jersey,2.5,0.9,,,1.3,0.5,Q4,NJ,2019,15500.0,15500.0,220.0,1.0,60.0,80.0,1.0,2019Q4
New Mexico,5.2,0.3,0.4,,2.6,,Q4,NM,2019,6000.0,6000.0,70.0,1.0,30.0,10.0,0.0,2019Q4
New York,33.3,24.8,3.0,8.7,3.2,4.0,Q4,NY,2019,65000.0,65000.0,10000.0,15.0,630.0,510.0,1.0,2019Q4
North Carolina,44.5,21.0,4.5,2.4,15.7,11.7,Q4,NC,2019,17500.0,18000.0,3200.0,18.0,240.0,770.0,4.0,2019Q4
North Dakota,43.0,7.1,1.8,3.7,2.0,1.7,Q4,ND,2019,420000.0,420000.0,27000.0,6.0,3000.0,4300.0,1.0,2019Q4
Ohio,33.2,5.6,0.4,0.6,3.3,7.6,Q4,OH,2019,19000.0,19000.0,2700.0,14.0,800.0,390.0,2.0,2019Q4
Oklahoma,1.0,0.4,,0.4,0.4,0.1,Q4,OK,2019,6500.0,37000.0,2500.0,7.0,460.0,,,2019Q4
Oregon,35.8,2.1,4.7,1.8,16.6,16.0,Q4,OR,2019,115000.0,130000.0,15000.0,12.0,650.0,2000.0,2.0,2019Q4
Pennsylvania,33.2,4.6,1.0,3.2,2.3,2.9,Q4,PA,2019,21000.0,21000.0,3800.0,18.0,1600.0,1100.0,5.0,2019Q4
South Carolina,56.7,18.4,1.7,3.5,13.1,6.3,Q4,SC,2019,12500.0,13500.0,1900.0,14.0,1400.0,430.0,3.0,2019Q4
South Dakota,12.2,6.1,3.2,5.6,11.2,1.5,Q4,SD,2019,189000.0,189000.0,7500.0,4.0,,40.0,0.0,2019Q4
Tennessee,66.6,53.5,,33.6,7.6,9.1,Q4,TN,2019,11000.0,11000.0,1300.0,12.0,20.0,70.0,1.0,2019Q4
Texas,23.1,14.0,4.6,4.9,5.8,1.4,Q4,TX,2019,129000.0,240000.0,17500.0,7.0,8000.0,1700.0,1.0,2019Q4
Utah,22.1,2.0,2.0,10.3,0.2,0.3,Q4,UT,2019,30000.0,32000.0,4400.0,14.0,970.0,90.0,0.0,2019Q4
Vermont,21.0,1.3,0.6,0.8,0.6,0.9,Q4,VT,2019,7000.0,7000.0,190.0,3.0,100.0,270.0,4.0,2019Q4
Virginia,37.7,18.6,0.4,,5.3,6.0,Q4,VA,2019,8000.0,8000.0,1200.0,15.0,10.0,190.0,2.0,2019Q4
Washington,40.3,2.3,0.6,19.6,2.9,3.2,Q4,WA,2019,89000.0,93000.0,12500.0,13.0,810.0,100.0,0.0,2019Q4
West Virginia,65.8,10.7,1.1,0.4,6.1,2.2,Q4,WV,2019,7500.0,8000.0,1500.0,19.0,30.0,1600.0,20.0,2019Q4
Wisconsin,40.0,22.1,14.8,14.1,22.0,7.3,Q4,WI,2019,46000.0,46000.0,8500.0,18.0,1800.0,3000.0,7.0,2019Q4
Alabama,12.4,3.4,,0.1,1.7,4.3,Q1,AL,2020,5500.0,7000.0,410.0,6.0,1900.0,780.0,11.0,2020Q1
Arizona,31.7,0.0,0.0,,10.1,9.0,Q1,AZ,2020,29000.0,31000.0,8500.0,27.0,3000.0,120.0,0.0,2020Q1
Arkansas,31.7,22.7,0.0,2.6,0.0,11.2,Q1,AR,2020,16500.0,16500.0,1600.0,10.0,1800.0,30.0,0.0,2020Q1
California,22.4,6.0,5.0,5.3,5.3,4.2,Q1,CA,2020,1350000.0,1710000.0,230000.0,13.0,240000.0,66000.0,4.0,2020Q1
Colorado,20.8,,0.0,0.0,10.8,2.4,Q1,CO,2020,4500.0,13000.0,670.0,5.0,4000.0,500.0,4.0,2020Q1
Connecticut,11.2,2.9,0.0,,2.8,3.0,Q1,CT,2020,3700.0,3800.0,330.0,9.0,360.0,,,2020Q1
Florida,28.0,14.2,5.5,5.3,8.7,10.9,Q1,FL,2020,295000.0,305000.0,30000.0,10.0,41000.0,8000.0,3.0,2020Q1
Georgia,50.9,3.4,0.0,0.0,0.0,7.5,Q1,GA,2020,115000.0,119000.0,14500.0,12.0,41000.0,22000.0,18.0,2020Q1
Hawaii,75.3,60.8,0.0,,0.0,0.0,Q1,HI,2020,16000.0,16000.0,1800.0,11.0,1300.0,2200.0,14.0,2020Q1
Idaho,10.4,0.8,0.0,2.8,2.1,1.9,Q1,ID,2020,156000.0,168000.0,18500.0,11.0,4400.0,920.0,1.0,2020Q1
Illinois,17.2,8.9,0.0,,7.3,10.0,Q1,IL,2020,11500.0,11500.0,2400.0,21.0,2900.0,160.0,1.0,2020Q1
Indiana,8.2,0.5,0.0,2.9,1.9,6.2,Q1,IN,2020,11000.0,11000.0,1600.0,15.0,1500.0,420.0,4.0,2020Q1
Iowa,22.3,1.9,,0.0,5.7,5.5,Q1,IA,2020,9000.0,17000.0,1600.0,9.0,6000.0,420.0,2.0,2020Q1
Kansas,13.3,8.1,7.8,7.8,3.1,11.3,Q1,KS,2020,4500.0,6500.0,760.0,12.0,2000.0,130.0,2.0,2020Q1
Kentucky,17.4,2.6,2.0,0.0,7.6,6.5,Q1,KY,2020,7000.0,11000.0,1200.0,11.0,1400.0,120.0,1.0,2020Q1
Louisiana,26.5,7.0,0.7,1.2,1.4,0.6,Q1,LA,2020,44000.0,48000.0,4800.0,10.0,9000.0,20000.0,42.0,2020Q1
Maine,19.6,1.2,0.7,,2.2,3.0,Q1,ME,2020,1300.0,1300.0,160.0,12.0,460.0,,,2020Q1
Maryland,19.9,1.5,0.0,,8.5,2.4,Q1,MD,2020,7000.0,7000.0,1900.0,27.0,1900.0,30.0,0.0,2020Q1
Massachusetts,13.9,0.5,1.8,0.0,4.5,2.2,Q1,MA,2020,3800.0,3800.0,470.0,12.0,1100.0,100.0,3.0,2020Q1
Michigan,8.1,0.5,0.0,0.0,0.0,0.7,Q1,MI,2020,60000.0,60000.0,7000.0,12.0,10000.0,100.0,0.0,2020Q1
Minnesota,3.5,,,0.0,4.3,0.0,Q1,MN,2020,21000.0,58000.0,920.0,2.0,1300.0,40.0,0.0,2020Q1
Mississippi,58.6,50.9,0.0,1.8,14.5,3.6,Q1,MS,2020,26000.0,28000.0,5000.0,18.0,16000.0,660.0,2.0,2020Q1
Missouri,8.4,3.4,0.9,1.6,2.1,3.4,Q1,MO,2020,8500.0,8500.0,5500.0,65.0,3400.0,,,2020Q1
Montana,4.0,,,,0.5,0.0,Q1,MT,2020,18000.0,47000.0,150.0,0.0,500.0,,,2020Q1
Nebraska,2.2,0.0,0.0,,0.0,0.8,Q1,NE,2020,9000.0,17000.0,670.0,4.0,70.0,,,2020Q1
New Jersey,9.4,2.9,0.5,0.0,3.2,2.3,Q1,NJ,2020,6500.0,6500.0,430.0,7.0,800.0,40.0,1.0,2020Q1
New Mexico,2.1,,,,0.7,0.0,Q1,NM,2020,6000.0,6000.0,40.0,1.0,120.0,,,2020Q1
New York,6.6,2.9,,,1.7,7.7,Q1,NY,2020,29000.0,36000.0,2500.0,7.0,230.0,370.0,1.0,2020Q1
North Carolina,35.7,7.1,4.8,0.6,1.4,5.1,Q1,NC,2020,15000.0,24000.0,2500.0,10.0,2600.0,490.0,2.0,2020Q1
North Dakota,0.6,,,,3.1,,Q1,ND,2020,53000.0,82000.0,7500.0,9.0,,,,2020Q1
Ohio,17.6,3.6,1.1,0.0,3.0,13.4,Q1,OH,2020,15500.0,21000.0,6000.0,29.0,840.0,1100.0,5.0,2020Q1
Oklahoma,11.4,0.6,0.0,0.5,0.0,0.0,Q1,OK,2020,19500.0,19500.0,700.0,4.0,5000.0,,,2020Q1
Oregon,24.4,10.4,10.8,14.5,1.3,0.0,Q1,OR,2020,97000.0,108000.0,4800.0,4.0,9000.0,1700.0,2.0,2020Q1
Pennsylvania,15.5,3.9,2.8,1.8,2.7,3.2,Q1,PA,2020,18500.0,26000.0,2100.0,8.0,370.0,320.0,1.0,2020Q1
South Carolina,15.5,11.5,9.6,0.0,6.4,5.4,Q1,SC,2020,13000.0,17000.0,1400.0,8.0,2700.0,1100.0,6.0,2020Q1
South Dakota,14.7,0.0,,2.1,0.0,0.0,Q1,SD,2020,20000.0,20000.0,1200.0,6.0,20.0,,,2020Q1
Tennessee,18.9,17.3,1.0,,4.1,7.8,Q1,TN,2020,8000.0,14000.0,2700.0,19.0,2200.0,130.0,1.0,2020Q1
Texas,12.2,6.8,1.3,3.4,5.2,4.6,Q1,TX,2020,235000.0,340000.0,35000.0,10.0,83000.0,24000.0,7.0,2020Q1
Utah,38.9,17.2,17.1,2.3,15.7,22.4,Q1,UT,2020,12000.0,19000.0,1100.0,6.0,3000.0,,,2020Q1
Vermont,9.1,0.8,0.6,0.9,2.0,3.1,Q1,VT,2020,6500.0,7000.0,520.0,7.0,500.0,70.0,1.0,2020Q1
Virginia,17.5,10.6,0.0,0.0,3.8,3.5,Q1,VA,2020,6000.0,7000.0,1100.0,16.0,1600.0,60.0,1.0,2020Q1
Washington,1.7,0.0,0.0,0.5,0.0,0.0,Q1,WA,2020,49000.0,74000.0,1500.0,2.0,580.0,150.0,0.0,2020Q1
West Virginia,17.3,7.0,1.3,0.6,2.6,0.0,Q1,WV,2020,6000.0,8000.0,1100.0,14.0,600.0,680.0,9.0,2020Q1
Wisconsin,9.0,1.9,0.0,0.0,2.7,3.1,Q1,WI,2020,16000.0,28000.0,1900.0,7.0,700.0,370.0,1.0,2020Q1
Alabama,28.5,18.0,1.6,7.7,7.9,9.5,Q2,AL,2020,8500.0,8500.0,4100.0,48.0,4700.0,2600.0,31.0,2020Q2
Arizona,22.1,,0.0,4.2,5.5,0.6,Q2,AZ,2020,26000.0,26000.0,1300.0,5.0,14500.0,4700.0,18.0,2020Q2
Arkansas,40.5,15.3,5.1,24.6,2.1,12.4,Q2,AR,2020,17000.0,17000.0,1800.0,11.0,4900.0,800.0,5.0,2020Q2
California,33.6,4.8,3.9,5.5,7.6,3.1,Q2,CA,2020,1200000.0,1200000.0,100000.0,8.0,175000.0,240000.0,20.0,2020Q2
Colorado,35.4,0.0,0.0,,0.5,2.5,Q2,CO,2020,16500.0,27000.0,2100.0,8.0,7000.0,2800.0,10.0,2020Q2
Connecticut,14.8,2.1,,,0.1,0.6,Q2,CT,2020,3900.0,4300.0,30.0,1.0,1200.0,450.0,10.0,2020Q2
Florida,33.1,16.0,3.4,5.8,5.9,7.9,Q2,FL,2020,310000.0,310000.0,40000.0,13.0,25000.0,18500.0,6.0,2020Q2
Georgia,47.9,19.6,6.9,2.9,7.9,13.4,Q2,GA,2020,145000.0,147000.0,10000.0,7.0,18500.0,20000.0,14.0,2020Q2
Hawaii,43.1,41.1,1.0,,1.1,,Q2,HI,2020,15500.0,15500.0,,,3000.0,2300.0,15.0,2020Q2
Idaho,44.2,10.9,11.1,8.6,6.9,5.8,Q2,ID,2020,48000.0,81000.0,18000.0,22.0,22000.0,29000.0,36.0,2020Q2
Illinois,23.5,8.2,1.0,8.3,11.9,4.0,Q2,IL,2020,12000.0,12000.0,1500.0,13.0,4200.0,1700.0,14.0,2020Q2
Indiana,26.8,12.5,1.8,20.2,5.4,1.5,Q2,IN,2020,11000.0,12000.0,920.0,8.0,4500.0,1800.0,15.0,2020Q2
Iowa,30.6,24.7,16.6,0.8,3.5,0.5,Q2,IA,2020,21000.0,29000.0,3600.0,12.0,17000.0,4700.0,16.0,2020Q2
Kansas,68.4,34.1,24.0,32.8,28.9,14.3,Q2,KS,2020,7500.0,8000.0,680.0,9.0,1900.0,1800.0,23.0,2020Q2
Kentucky,18.3,10.9,0.0,1.2,2.9,3.2,Q2,KY,2020,11000.0,11000.0,1200.0,11.0,4200.0,3500.0,32.0,2020Q2
Louisiana,23.7,4.7,0.5,0.0,3.5,1.3,Q2,LA,2020,53000.0,53000.0,1800.0,3.0,2300.0,4700.0,9.0,2020Q2
Maine,47.1,0.0,26.8,,0.5,,Q2,ME,2020,1600.0,22000.0,700.0,3.0,520.0,110.0,1.0,2020Q2
Maryland,14.3,1.1,0.1,1.1,3.2,0.5,Q2,MD,2020,7000.0,8000.0,670.0,8.0,4400.0,1700.0,21.0,2020Q2
Massachusetts,14.7,2.1,0.0,0.0,1.1,0.0,Q2,MA,2020,4400.0,13500.0,630.0,5.0,870.0,540.0,4.0,2020Q2
Michigan,38.0,11.5,2.2,6.0,3.2,1.1,Q2,MI,2020,64000.0,85000.0,1500.0,2.0,11000.0,10000.0,12.0,2020Q2
Minnesota,20.6,2.9,0.7,8.8,4.4,0.0,Q2,MN,2020,59000.0,126000.0,13000.0,10.0,9000.0,2600.0,2.0,2020Q2
Mississippi,93.1,57.8,,0.9,8.5,0.0,Q2,MS,2020,34000.0,37000.0,4500.0,12.0,1500.0,570.0,2.0,2020Q2
Missouri,17.4,1.5,5.7,3.1,11.2,1.9,Q2,MO,2020,6500.0,6500.0,390.0,6.0,2800.0,1200.0,18.0,2020Q2
Montana,12.1,5.6,5.9,,4.6,0.0,Q2,MT,2020,48000.0,120000.0,2000.0,2.0,18000.0,16000.0,13.0,2020Q2
Nebraska,17.5,1.1,4.8,12.2,0.0,2.7,Q2,NE,2020,16500.0,41000.0,1900.0,5.0,7000.0,1100.0,3.0,2020Q2
New Jersey,15.4,0.8,21.5,0.0,21.7,0.0,Q2,NJ,2020,7000.0,21000.0,710.0,3.0,1500.0,650.0,3.0,2020Q2
New Mexico,3.0,0.0,0.0,0.0,0.0,0.0,Q2,NM,2020,3100.0,6000.0,1000.0,17.0,400.0,40.0,1.0,2020Q2
New York,20.7,2.5,0.6,0.0,3.5,0.5,Q2,NY,2020,34000.0,58000.0,4000.0,7.0,6000.0,2800.0,5.0,2020Q2
North Carolina,23.0,5.5,1.9,,1.8,1.4,Q2,NC,2020,24000.0,25000.0,1600.0,6.0,6000.0,1300.0,5.0,2020Q2
North Dakota,28.8,1.7,2.5,3.1,3.0,1.9,Q2,ND,2020,67000.0,415000.0,20000.0,5.0,53000.0,38000.0,9.0,2020Q2
Ohio,23.8,12.0,6.2,5.8,7.3,13.3,Q2,OH,2020,15500.0,16500.0,1700.0,10.0,9500.0,3700.0,22.0,2020Q2
Oklahoma,16.2,3.9,0.0,0.9,15.1,5.1,Q2,OK,2020,16000.0,16000.0,1500.0,9.0,6000.0,3100.0,19.0,2020Q2
Oregon,28.0,1.7,7.5,2.2,5.9,0.7,Q2,OR,2020,89000.0,96000.0,2500.0,3.0,11000.0,19000.0,20.0,2020Q2
Pennsylvania,26.6,2.6,1.4,0.0,3.3,1.3,Q2,PA,2020,24000.0,28000.0,930.0,3.0,5500.0,1500.0,5.0,2020Q2
South Carolina,29.1,6.2,0.5,0.0,5.7,0.5,Q2,SC,2020,18500.0,18500.0,1700.0,9.0,2700.0,2500.0,14.0,2020Q2
South Dakota,53.3,46.4,4.8,0.0,52.5,5.3,Q2,SD,2020,9500.0,220000.0,4600.0,2.0,10000.0,14500.0,7.0,2020Q2
Tennessee,31.2,7.8,0.0,6.8,3.3,3.0,Q2,TN,2020,13500.0,13500.0,1200.0,9.0,4200.0,3200.0,24.0,2020Q2
Texas,30.2,7.7,3.3,4.6,5.7,5.8,Q2,TX,2020,360000.0,385000.0,35000.0,9.0,15000.0,136000.0,35.0,2020Q2
Utah,38.4,,0.0,13.1,0.0,7.7,Q2,UT,2020,21000.0,31000.0,2800.0,9.0,8500.0,13000.0,42.0,2020Q2
Vermont,10.7,0.5,0.1,,1.1,,Q2,VT,2020,7000.0,7000.0,200.0,3.0,680.0,110.0,2.0,2020Q2
Virginia,33.7,7.9,0.0,0.0,7.9,1.1,Q2,VA,2020,7500.0,8000.0,1200.0,15.0,4800.0,1300.0,16.0,2020Q2
Washington,10.6,0.0,0.7,1.0,1.3,0.0,Q2,WA,2020,50000.0,114000.0,3500.0,3.0,5000.0,3300.0,3.0,2020Q2
West Virginia,46.2,1.8,0.7,0.5,2.8,1.9,Q2,WV,2020,7500.0,7500.0,570.0,8.0,1600.0,1500.0,20.0,2020Q2
Wisconsin,46.1,27.3,25.0,25.1,25.8,26.1,Q2,WI,2020,27000.0,55000.0,1700.0,3.0,14000.0,4600.0,8.0,2020Q2
Alabama,64.9,29.1,,12.0,5.4,11.7,Q3,AL,2020,9000.0,19000.0,3700.0,19.0,1800.0,990.0,5.0,2020Q3
Arizona,24.1,0.0,1.9,1.7,9.3,12.2,Q3,AZ,2020,28000.0,30000.0,8000.0,27.0,2600.0,1800.0,6.0,2020Q3
Arkansas,33.9,15.6,3.9,13.9,1.3,8.6,Q3,AR,2020,19000.0,22000.0,1700.0,8.0,1500.0,390.0,2.0,2020Q3
California,33.9,11.4,7.3,6.3,8.1,3.6,Q3,CA,2020,640000.0,700000.0,69000.0,10.0,61000.0,108000.0,15.0,2020Q3
Colorado,23.1,1.1,0.0,,6.3,19.8,Q3,CO,2020,29000.0,29000.0,7000.0,24.0,3800.0,5500.0,19.0,2020Q3
Connecticut,20.2,1.4,,,4.0,,Q3,CT,2020,4700.0,4700.0,300.0,6.0,130.0,150.0,3.0,2020Q3
Florida,42.2,19.9,12.8,14.8,7.9,10.9,Q3,FL,2020,220000.0,230000.0,29000.0,13.0,36000.0,31000.0,13.0,2020Q3
Georgia,49.6,22.5,3.5,3.4,5.3,13.0,Q3,GA,2020,150000.0,163000.0,23000.0,14.0,22000.0,35000.0,21.0,2020Q3
Hawaii,62.7,63.5,0.0,0.0,0.5,0.0,Q3,HI,2020,18500.0,18500.0,500.0,3.0,4000.0,3400.0,18.0,2020Q3
Idaho,45.0,2.6,6.7,10.9,9.0,3.8,Q3,ID,2020,70000.0,85000.0,11000.0,13.0,18500.0,8500.0,10.0,2020Q3
Illinois,28.1,15.6,1.8,4.9,6.6,8.4,Q3,IL,2020,14000.0,14000.0,1400.0,10.0,770.0,690.0,5.0,2020Q3
Indiana,41.4,12.0,1.7,24.5,0.7,1.3,Q3,IN,2020,15000.0,15000.0,1600.0,11.0,1200.0,2700.0,18.0,2020Q3
Iowa,49.1,29.4,3.9,6.3,4.5,0.0,Q3,IA,2020,34000.0,38000.0,1800.0,5.0,1100.0,2900.0,8.0,2020Q3
Kansas,93.8,24.8,15.6,34.1,2.1,0.0,Q3,KS,2020,7000.0,7000.0,910.0,13.0,600.0,730.0,10.0,2020Q3
Kentucky,23.3,4.0,1.4,1.6,2.4,5.1,Q3,KY,2020,11500.0,12000.0,1400.0,12.0,800.0,510.0,4.0,2020Q3
Louisiana,27.2,14.4,4.7,0.8,3.6,3.4,Q3,LA,2020,48000.0,48000.0,2600.0,5.0,1200.0,3100.0,6.0,2020Q3
Maine,65.2,2.5,0.7,,4.6,6.2,Q3,ME,2020,9500.0,10000.0,1500.0,15.0,700.0,820.0,8.0,2020Q3
Maryland,17.6,4.8,0.0,0.0,0.6,2.9,Q3,MD,2020,7500.0,7500.0,690.0,9.0,1200.0,220.0,3.0,2020Q3
Massachusetts,29.7,1.6,1.5,0.8,1.2,0.7,Q3,MA,2020,11000.0,11000.0,330.0,3.0,840.0,810.0,7.0,2020Q3
Michigan,53.1,14.5,3.4,8.9,5.9,1.0,Q3,MI,2020,96000.0,106000.0,34000.0,32.0,37000.0,11000.0,10.0,2020Q3
Minnesota,46.3,3.7,0.0,8.2,2.2,1.7,Q3,MN,2020,114000.0,119000.0,10500.0,9.0,1800.0,3700.0,3.0,2020Q3
Mississippi,45.7,41.8,0.0,0.0,3.3,6.2,Q3,MS,2020,26000.0,29000.0,1600.0,6.0,2500.0,130.0,0.0,2020Q3
Missouri,30.8,8.8,0.0,1.1,2.4,2.4,Q3,MO,2020,8000.0,8000.0,730.0,9.0,290.0,820.0,10.0,2020Q3
Montana,36.6,2.1,0.9,0.0,8.6,1.2,Q3,MT,2020,138000.0,139000.0,8500.0,6.0,6500.0,28000.0,20.0,2020Q3
Nebraska,23.4,0.8,3.3,19.8,21.4,0.0,Q3,NE,2020,47000.0,48000.0,4300.0,9.0,3000.0,3100.0,6.0,2020Q3
New Jersey,21.7,5.6,,16.3,0.0,0.0,Q3,NJ,2020,17500.0,18500.0,2300.0,12.0,1500.0,1800.0,10.0,2020Q3
New Mexico,33.8,32.9,,,0.5,0.0,Q3,NM,2020,5500.0,5500.0,1600.0,29.0,3300.0,760.0,14.0,2020Q3
New York,18.2,7.8,6.3,3.3,2.1,1.1,Q3,NY,2020,61000.0,61000.0,3600.0,6.0,5500.0,1600.0,3.0,2020Q3
North Carolina,70.5,17.9,0.0,0.0,0.0,0.0,Q3,NC,2020,26000.0,27000.0,4600.0,17.0,950.0,5500.0,20.0,2020Q3
North Dakota,61.3,15.9,12.3,4.1,9.3,1.4,Q3,ND,2020,455000.0,495000.0,53000.0,11.0,57000.0,33000.0,7.0,2020Q3
Ohio,28.6,10.4,0.8,3.7,10.8,1.4,Q3,OH,2020,22000.0,22000.0,1900.0,9.0,730.0,2100.0,10.0,2020Q3
Oklahoma,52.4,8.0,0.9,1.7,2.4,0.8,Q3,OK,2020,7000.0,8000.0,1100.0,14.0,150.0,930.0,12.0,2020Q3
Oregon,42.4,2.5,3.8,0.5,7.1,2.4,Q3,OR,2020,102000.0,124000.0,12000.0,10.0,13000.0,28000.0,23.0,2020Q3
Pennsylvania,32.2,12.3,1.2,1.6,5.5,2.3,Q3,PA,2020,27000.0,27000.0,2200.0,8.0,2500.0,1200.0,4.0,2020Q3
South Carolina,27.1,28.9,0.0,6.2,1.5,0.9,Q3,SC,2020,12000.0,13500.0,1800.0,13.0,1200.0,2200.0,16.0,2020Q3
South Dakota,87.0,7.0,2.1,64.9,61.4,2.0,Q3,SD,2020,230000.0,235000.0,66000.0,28.0,30000.0,12500.0,5.0,2020Q3
Tennessee,37.7,15.5,2.3,0.5,2.4,2.2,Q3,TN,2020,15000.0,15000.0,2200.0,15.0,460.0,860.0,6.0,2020Q3
Texas,20.2,13.6,2.0,6.7,1.6,0.6,Q3,TX,2020,167000.0,173000.0,9500.0,5.0,9000.0,7500.0,4.0,2020Q3
Utah,61.7,0.0,0.0,31.6,3.7,3.9,Q3,UT,2020,24000.0,30000.0,2000.0,7.0,1500.0,2300.0,8.0,2020Q3
Vermont,26.6,0.7,0.9,3.8,0.9,0.0,Q3,VT,2020,7500.0,7500.0,210.0,3.0,700.0,180.0,2.0,2020Q3
Virginia,27.5,8.3,0.0,0.0,4.1,5.8,Q3,VA,2020,8500.0,8500.0,1200.0,14.0,910.0,730.0,9.0,2020Q3
Washington,19.2,0.0,0.0,10.5,1.3,0.6,Q3,WA,2020,94000.0,104000.0,7000.0,7.0,5000.0,8500.0,8.0,2020Q3
West Virginia,17.7,10.1,4.7,4.7,1.7,2.6,Q3,WV,2020,8000.0,8000.0,540.0,7.0,210.0,800.0,10.0,2020Q3
Wisconsin,43.1,22.8,12.9,26.1,13.8,20.4,Q3,WI,2020,68000.0,68000.0,8000.0,12.0,970.0,9000.0,13.0,2020Q3
Alabama,50.8,43.2,15.4,2.0,2.3,16.9,Q4,AL,2020,17000.0,17000.0,1100.0,6.0,750.0,60.0,0.0,2020Q4
Arizona,22.5,0.0,0.0,4.5,2.3,18.3,Q4,AZ,2020,25000.0,27000.0,4000.0,15.0,5500.0,600.0,2.0,2020Q4
Arkansas,43.1,12.9,1.7,12.8,5.9,5.7,Q4,AR,2020,22000.0,23000.0,2100.0,9.0,380.0,780.0,3.0,2020Q4
California,45.5,11.1,7.1,4.8,4.2,4.0,Q4,CA,2020,700000.0,1400000.0,164000.0,12.0,120000.0,58000.0,4.0,2020Q4
Colorado,14.9,,0.0,,0.9,1.5,Q4,CO,2020,19000.0,19000.0,5000.0,26.0,930.0,20.0,0.0,2020Q4
Connecticut,49.4,0.9,0.1,,4.3,8.2,Q4,CT,2020,4300.0,4600.0,500.0,11.0,20.0,20.0,0.0,2020Q4
Florida,45.7,21.7,10.4,19.6,2.3,7.5,Q4,FL,2020,240000.0,290000.0,29000.0,10.0,50000.0,17500.0,6.0,2020Q4
Georgia,35.5,12.9,1.8,7.5,1.9,6.7,Q4,GA,2020,165000.0,174000.0,30000.0,17.0,11000.0,11000.0,6.0,2020Q4
Hawaii,57.2,65.2,0.0,,2.9,,Q4,HI,2020,22000.0,22000.0,2700.0,12.0,200.0,370.0,2.0,2020Q4
Idaho,52.1,8.9,4.3,4.8,4.8,5.4,Q4,ID,2020,94000.0,180000.0,19000.0,11.0,8000.0,1700.0,1.0,2020Q4
Illinois,26.4,9.8,1.1,2.9,2.7,6.9,Q4,IL,2020,13000.0,13000.0,1700.0,13.0,330.0,410.0,3.0,2020Q4
Indiana,26.3,4.1,0.0,1.9,2.4,5.7,Q4,IN,2020,10000.0,11000.0,930.0,8.0,240.0,260.0,2.0,2020Q4
Iowa,39.8,0.9,2.6,0.0,1.8,1.4,Q4,IA,2020,38000.0,38000.0,4800.0,13.0,700.0,850.0,2.0,2020Q4
Kansas,37.7,30.3,1.2,33.3,26.4,25.9,Q4,KS,2020,6000.0,7000.0,2400.0,34.0,460.0,170.0,2.0,2020Q4
Kentucky,23.8,8.8,,,8.2,9.0,Q4,KY,2020,11500.0,11500.0,1100.0,10.0,380.0,520.0,5.0,2020Q4
Louisiana,22.2,2.9,,0.0,2.9,0.0,Q4,LA,2020,46000.0,52000.0,1700.0,3.0,30.0,620.0,1.0,2020Q4
Maine,30.8,0.0,0.5,,1.2,0.6,Q4,ME,2020,9000.0,9000.0,100.0,1.0,180.0,250.0,3.0,2020Q4
Maryland,27.5,1.8,1.5,0.7,6.2,2.1,Q4,MD,2020,6000.0,8000.0,980.0,12.0,60.0,460.0,6.0,2020Q4
Massachusetts,17.4,1.2,0.0,0.0,0.0,0.9,Q4,MA,2020,10000.0,10000.0,390.0,4.0,270.0,90.0,1.0,2020Q4
Michigan,42.9,5.4,5.3,3.1,3.6,4.3,Q4,MI,2020,97000.0,101000.0,10500.0,10.0,2400.0,1600.0,2.0,2020Q4
Minnesota,17.2,1.6,1.0,19.2,1.8,2.6,Q4,MN,2020,99000.0,105000.0,9500.0,9.0,1200.0,340.0,0.0,2020Q4
Mississippi,7.8,1.5,,0.6,7.8,5.9,Q4,MS,2020,30000.0,37000.0,3800.0,10.0,300.0,30.0,0.0,2020Q4
Missouri,13.1,7.9,0.0,0.5,3.1,0.8,Q4,MO,2020,6500.0,7000.0,750.0,11.0,20.0,110.0,2.0,2020Q4
Montana,15.1,11.6,11.6,2.6,4.4,6.0,Q4,MT,2020,81000.0,92000.0,14000.0,15.0,3500.0,290.0,0.0,2020Q4
Nebraska,3.6,0.0,0.5,0.0,1.4,6.3,Q4,NE,2020,43000.0,43000.0,7000.0,16.0,280.0,2500.0,6.0,2020Q4
New Jersey,6.8,2.1,0.5,0.6,0.2,0.7,Q4,NJ,2020,18000.0,18000.0,310.0,2.0,2000.0,480.0,3.0,2020Q4
New Mexico,15.7,0.0,1.0,,2.0,0.9,Q4,NM,2020,2400.0,3600.0,190.0,5.0,80.0,50.0,1.0,2020Q4
New York,19.2,7.2,0.0,0.0,4.5,4.1,Q4,NY,2020,52000.0,52000.0,4100.0,8.0,2400.0,5000.0,10.0,2020Q4
North Carolina,37.7,14.0,0.0,5.1,0.6,1.9,Q4,NC,2020,16500.0,22000.0,2500.0,11.0,200.0,9000.0,41.0,2020Q4
North Dakota,60.2,0.5,5.1,11.5,1.1,5.5,Q4,ND,2020,445000.0,445000.0,45000.0,10.0,12500.0,,,2020Q4
Ohio,42.4,12.4,0.9,6.4,2.5,1.7,Q4,OH,2020,21000.0,21000.0,1600.0,8.0,10.0,490.0,2.0,2020Q4
Oklahoma,2.3,1.1,0.0,0.0,0.0,0.8,Q4,OK,2020,7000.0,28000.0,300.0,1.0,250.0,,,2020Q4
Oregon,28.5,4.6,3.7,1.6,3.8,3.9,Q4,OR,2020,122000.0,123000.0,15500.0,13.0,7000.0,2600.0,2.0,2020Q4
Pennsylvania,28.1,3.9,1.3,1.9,1.8,2.6,Q4,PA,2020,23000.0,25000.0,1900.0,8.0,580.0,440.0,2.0,2020Q4
South Carolina,22.9,4.2,,1.3,2.7,3.8,Q4,SC,2020,11500.0,18500.0,2600.0,14.0,270.0,210.0,1.0,2020Q4
South Dakota,22.6,1.4,6.5,4.5,0.0,1.8,Q4,SD,2020,197000.0,197000.0,16000.0,8.0,1000.0,150.0,0.0,2020Q4
Tennessee,33.8,25.4,0.0,5.1,2.1,5.2,Q4,TN,2020,13500.0,13500.0,680.0,5.0,20.0,640.0,5.0,2020Q4
Texas,27.4,6.5,0.0,5.0,5.7,9.6,Q4,TX,2020,144000.0,255000.0,43000.0,17.0,27000.0,1700.0,1.0,2020Q4
Utah,49.5,0.0,0.0,6.8,0.7,17.6,Q4,UT,2020,29000.0,29000.0,3800.0,13.0,1800.0,50.0,0.0,2020Q4
Vermont,10.0,0.0,0.5,,0.6,0.0,Q4,VT,2020,8000.0,8000.0,270.0,3.0,30.0,,,2020Q4
Virginia,30.3,13.6,1.6,2.0,5.4,2.9,Q4,VA,2020,8000.0,8500.0,1000.0,12.0,70.0,450.0,5.0,2020Q4
Washington,25.5,20.2,22.9,2.6,4.7,4.4,Q4,WA,2020,102000.0,103000.0,16500.0,16.0,6000.0,2000.0,2.0,2020Q4
West Virginia,7.2,4.3,0.0,1.0,4.5,1.1,Q4,WV,2020,7500.0,7500.0,550.0,7.0,120.0,800.0,11.0,2020Q4
Wisconsin,29.3,0.6,0.0,7.4,1.8,1.2,Q4,WI,2020,60000.0,60000.0,8000.0,13.0,2800.0,4700.0,8.0,2020Q4
